date,wind_speed,pressure,temperature,relative_humidity,precipitable_water,dew_point
2013-8-1 0:0,1.7,1012,15.8,100,3.1,15.8
2013-8-1 0:30,1.6,1012,15.6,100,3,15.6
2013-8-1 1:0,1.5,1012,15.4,100,3,15.4
2013-8-1 1:30,1.5,1012,15.3,100,3,15.3
2013-8-1 2:0,1.5,1011,15.1,100,3,15.1
2013-8-1 2:30,1.5,1011,15.1,100,3,15.1
2013-8-1 3:0,1.5,1011,15,100,3,15
2013-8-1 3:30,1.5,1011,15.1,100,3,15.1
2013-8-1 4:0,1.6,1011,15.2,100,3.1,15.2
2013-8-1 4:30,2.1,1011,16.3,96.5,3.1,15.7
2013-8-1 5:0,2.7,1011,17.3,96.5,3.1,16.7
2013-8-1 5:30,2.9,1010,18.1,91.68,3.1,16.7
2013-8-1 6:0,3.1,1010,18.9,93.17,3.1,17.8
2013-8-1 6:30,3.3,1010,20.1,86.5,3.1,17.8
2013-8-1 7:0,3.6,1010,21.3,84.65,3.1,18.6
2013-8-1 7:30,4,1010,22.6,78.22,3.2,18.6
2013-8-1 8:0,4.4,1009,23.8,72.45,3.2,18.5
2013-8-1 8:30,4.6,1009,24.8,68.25,3.1,18.6
2013-8-1 9:0,4.8,1009,25.7,63.88,3,18.4
2013-8-1 9:30,5,1009,26.4,61.3,3,18.4
2013-8-1 10:0,5.1,1008,27.1,57.69,3,18
2013-8-1 10:30,5.1,1008,27.7,55.71,3,18
2013-8-1 11:0,5.2,1008,28.3,52.96,3,17.8
2013-8-1 11:30,5.2,1008,28.7,51.75,3.1,17.8
2013-8-1 12:0,5.2,1007,29.1,50.32,3.1,17.7
2013-8-1 12:30,5.2,1007,29.3,49.75,3.1,17.7
2013-8-1 13:0,5.3,1007,29.4,49.73,3,17.8
2013-8-1 13:30,5.4,1007,29.4,49.73,3.1,17.8
2013-8-1 14:0,5.4,1006,29.4,51.02,3.1,18.2
2013-8-1 14:30,5.4,1006,29.3,51.31,3.1,18.2
2013-8-1 15:0,5.4,1006,29.1,54.09,3.2,18.9
2013-8-1 15:30,5.1,1005,28.7,55.3,3.3,18.9
2013-8-1 16:0,4.8,1005,28.4,59.5,3.3,19.8
2013-8-1 16:30,4.4,1005,27.8,61.61,3.4,19.8
2013-8-1 17:0,4.1,1005,27.2,66.66,3.5,20.5
2013-8-1 17:30,3.8,1005,26.3,70.27,3.6,20.5
2013-8-1 18:0,3.5,1005,25.5,73.41,3.6,20.4
2013-8-1 18:30,3.3,1005,24.5,77.9,3.6,20.4
2013-8-1 19:0,3.1,1005,23.5,80.84,3.7,20
2013-8-1 19:30,3.1,1005,22.9,83.81,3.6,20
2013-8-1 20:0,3.1,1005,22.3,84.67,3.6,19.6
2013-8-1 20:30,3,1006,21.8,87.36,3.5,19.6
2013-8-1 21:0,2.8,1006,21.3,87.95,3.4,19.2
2013-8-1 21:30,2.6,1006,20.9,90.13,3.3,19.2
2013-8-1 22:0,2.5,1006,20.4,87.86,3.2,18.3
2013-8-1 22:30,2.6,1006,19.9,90.61,3.1,18.3
2013-8-1 23:0,2.6,1006,19.4,85.42,3,16.9
2013-8-1 23:30,2.7,1007,18.8,88.75,2.8,16.9
2013-8-2 0:0,2.7,1007,18.3,84.57,2.6,15.7
2013-8-2 0:30,2.6,1007,17.7,87.81,2.5,15.7
2013-8-2 1:0,2.4,1007,17.1,87.71,2.3,15
2013-8-2 1:30,2.2,1007,16.5,91.1,2.2,15
2013-8-2 2:0,2,1007,16,92.47,2,14.8
2013-8-2 2:30,1.8,1007,15.5,95.46,2,14.8
2013-8-2 3:0,1.7,1007,15.1,98.34,2,14.8
2013-8-2 3:30,1.7,1007,14.9,99.61,2.2,14.8
2013-8-2 4:0,1.7,1007,14.7,100,2.3,14.7
2013-8-2 4:30,2.2,1007,15.6,96.73,2.5,15.1
2013-8-2 5:0,2.7,1007,16.5,94.08,2.7,15.5
2013-8-2 5:30,3,1007,17.4,88.88,2.8,15.5
2013-8-2 6:0,3.2,1007,18.2,85.44,3,15.7
2013-8-2 6:30,3.4,1007,18.9,81.79,3.1,15.7
2013-8-2 7:0,3.6,1007,19.7,77.85,3.3,15.7
2013-8-2 7:30,3.8,1007,20,76.42,3.4,15.7
2013-8-2 8:0,3.9,1007,20.3,75.87,3.6,15.9
2013-8-2 8:30,3.8,1007,20.5,74.94,3.6,15.9
2013-8-2 9:0,3.8,1007,20.7,75.67,3.7,16.2
2013-8-2 9:30,3.7,1007,21.1,73.84,3.7,16.3
2013-8-2 10:0,3.7,1008,21.5,73.78,3.7,16.6
2013-8-2 10:30,3.8,1008,22,71.56,3.7,16.6
2013-8-2 11:0,3.8,1008,22.4,70.38,3.7,16.7
2013-8-2 11:30,3.9,1007,22.8,68.63,3.6,16.7
2013-8-2 12:0,4,1007,23.2,67.02,3.6,16.7
2013-8-2 12:30,4.1,1007,23.6,65.43,3.4,16.7
2013-8-2 13:0,4.2,1007,24.1,63.45,3.3,16.7
2013-8-2 13:30,4.3,1007,24.4,62.33,3.2,16.7
2013-8-2 14:0,4.5,1007,24.7,60.73,3,16.6
2013-8-2 14:30,4.6,1007,24.6,61.09,2.9,16.6
2013-8-2 15:0,4.7,1007,24.6,59.98,2.8,16.3
2013-8-2 15:30,4.8,1007,24.3,61.06,2.8,16.3
2013-8-2 16:0,4.9,1007,23.9,61.28,2.8,16
2013-8-2 16:30,4.8,1007,23.3,63.53,2.8,16
2013-8-2 17:0,4.7,1007,22.7,64.8,2.8,15.7
2013-8-2 17:30,4.3,1007,21.9,68.01,2.8,15.7
2013-8-2 18:0,4,1007,21.1,71.19,2.8,15.7
2013-8-2 18:30,3.5,1008,20.1,75.77,2.8,15.7
2013-8-2 19:0,3,1008,19.1,80.22,2.8,15.6
2013-8-2 19:30,3.1,1008,18.5,83.27,2.8,15.6
2013-8-2 20:0,3.2,1008,18,85.04,2.8,15.4
2013-8-2 20:30,3.2,1009,17.6,87.29,2.7,15.5
2013-8-2 21:0,3.2,1009,17.3,89,2.7,15.5
2013-8-2 21:30,3.2,1009,16.9,91.27,2.5,15.5
2013-8-2 22:0,3.1,1009,16.5,93.64,2.4,15.5
2013-8-2 22:30,3,1009,16.2,95.44,2.4,15.5
2013-8-2 23:0,3,1009,15.9,96.95,2.3,15.4
2013-8-2 23:30,3.1,1009,15.7,98.19,2.3,15.4
2013-8-3 0:0,3.1,1009,15.6,97.3,2.3,15.2
2013-8-3 0:30,3.2,1009,15.5,97.92,2.3,15.2
2013-8-3 1:0,3.3,1009,15.4,96.82,2.3,14.9
2013-8-3 1:30,3.3,1009,15.2,98.06,2.3,14.9
2013-8-3 2:0,3.3,1009,15.1,96.96,2.3,14.6
2013-8-3 2:30,3.3,1009,14.9,98.22,2.2,14.6
2013-8-3 3:0,3.2,1009,14.6,97.96,2.2,14.3
2013-8-3 3:30,3.3,1009,14.5,98.6,2.1,14.3
2013-8-3 4:0,3.3,1010,14.3,97.88,2.1,14
2013-8-3 4:30,3.6,1010,14.6,96.01,2.1,14
2013-8-3 5:0,3.8,1011,15,94.95,2.1,14.2
2013-8-3 5:30,4.2,1011,15.5,91.96,2.2,14.2
2013-8-3 6:0,4.5,1011,16.1,88.82,2.2,14.3
2013-8-3 6:30,4.7,1012,16.8,85.05,2.3,14.3
2013-8-3 7:0,5,1012,17.4,78.4,2.3,13.6
2013-8-3 7:30,5.1,1012,18.1,75.03,2.4,13.6
2013-8-3 8:0,5.2,1013,18.9,68.84,2.4,13.1
2013-8-3 8:30,5.3,1013,19.4,66.74,2.4,13.1
2013-8-3 9:0,5.4,1013,19.9,63.79,2.4,12.8
2013-8-3 9:30,5.4,1014,20.4,61.91,2.4,12.9
2013-8-3 10:0,5.4,1014,20.9,59.07,2.3,12.6
2013-8-3 10:30,5.4,1014,21.3,57.64,2.3,12.6
2013-8-3 11:0,5.4,1014,21.7,55.76,2.2,12.5
2013-8-3 11:30,5.3,1014,22,54.75,2.2,12.5
2013-8-3 12:0,5.3,1014,22.3,53.68,2.2,12.5
2013-8-3 12:30,5.2,1015,22.5,53.09,2.2,12.5
2013-8-3 13:0,5.1,1015,22.7,52.24,2.1,12.4
2013-8-3 13:30,5.2,1015,22.7,52.24,2.1,12.4
2013-8-3 14:0,5.2,1015,22.8,51.7,2.1,12.3
2013-8-3 14:30,5.2,1015,22.6,52.33,2.1,12.3
2013-8-3 15:0,5.1,1015,22.5,52.35,2.1,12.3
2013-8-3 15:30,5,1015,22.2,53.31,2.1,12.3
2013-8-3 16:0,4.9,1016,21.9,54.1,2.1,12.2
2013-8-3 16:30,4.6,1016,21.5,55.43,2.1,12.2
2013-8-3 17:0,4.3,1016,21,57.51,2.1,12.3
2013-8-3 17:30,3.8,1016,20.2,60.4,2.1,12.3
2013-8-3 18:0,3.2,1016,19.5,65.68,2,12.9
2013-8-3 18:30,2.8,1016,18.4,70.34,2,12.9
2013-8-3 19:0,2.5,1017,17.3,77.28,2,13.3
2013-8-3 19:30,2.6,1017,16.7,80.26,2,13.3
2013-8-3 20:0,2.8,1017,16.1,83.68,2,13.3
2013-8-3 20:30,2.9,1017,15.7,85.84,2,13.3
2013-8-3 21:0,3,1017,15.4,89.01,2,13.6
2013-8-3 21:30,3,1017,15,91.32,2,13.6
2013-8-3 22:0,2.9,1017,14.7,94.72,2.1,13.9
2013-8-3 22:30,2.8,1018,14.4,96.66,2.1,13.9
2013-8-3 23:0,2.6,1018,14.1,99.43,2.1,14
2013-8-3 23:30,2.5,1018,13.9,100,2.1,13.9
2013-8-4 0:0,2.5,1017,13.7,100,2.1,13.7
2013-8-4 0:30,2.4,1017,13.5,100,2.1,13.5
2013-8-4 1:0,2.3,1017,13.4,100,2.1,13.4
2013-8-4 1:30,2.3,1017,13.3,100,2.1,13.3
2013-8-4 2:0,2.3,1017,13.2,100,2.1,13.2
2013-8-4 2:30,2.3,1017,13.2,100,2.1,13.2
2013-8-4 3:0,2.3,1017,13.1,100,2.2,13.1
2013-8-4 3:30,2.3,1017,13.2,100,2.2,13.2
2013-8-4 4:0,2.4,1017,13.2,100,2.3,13.2
2013-8-4 4:30,2.8,1018,14,98.4,2.3,13.8
2013-8-4 5:0,3.2,1018,14.8,96.38,2.4,14.2
2013-8-4 5:30,3.4,1018,15.5,92.15,2.5,14.2
2013-8-4 6:0,3.6,1018,16.3,89.73,2.5,14.6
2013-8-4 6:30,3.8,1018,17,85.84,2.6,14.6
2013-8-4 7:0,4,1018,17.8,77.64,2.6,13.8
2013-8-4 7:30,4.2,1018,18.5,74.31,2.6,13.8
2013-8-4 8:0,4.4,1018,19.2,67.93,2.7,13.1
2013-8-4 8:30,4.6,1018,19.8,65.46,2.7,13.1
2013-8-4 9:0,4.8,1018,20.4,62.64,2.7,13
2013-8-4 9:30,5.1,1018,20.8,61.12,2.7,13
2013-8-4 10:0,5.3,1018,21.3,58.77,2.7,12.9
2013-8-4 10:30,5.4,1018,21.6,57.7,2.7,12.9
2013-8-4 11:0,5.6,1018,22,55.47,2.7,12.7
2013-8-4 11:30,5.6,1017,22.2,54.75,2.7,12.7
2013-8-4 12:0,5.7,1017,22.5,53.56,2.7,12.6
2013-8-4 12:30,5.8,1017,22.6,53.24,2.7,12.6
2013-8-4 13:0,5.8,1017,22.6,52.94,2.6,12.5
2013-8-4 13:30,5.8,1017,22.5,53.26,2.7,12.5
2013-8-4 14:0,5.8,1017,22.4,53.53,2.7,12.5
2013-8-4 14:30,5.7,1017,22.1,54.51,2.8,12.5
2013-8-4 15:0,5.6,1017,21.8,55.89,2.8,12.6
2013-8-4 15:30,5.3,1016,21.2,57.91,2.8,12.6
2013-8-4 16:0,4.9,1016,20.7,60.35,2.9,12.7
2013-8-4 16:30,4.5,1016,20.1,62.61,2.9,12.7
2013-8-4 17:0,4,1016,19.5,67.37,3,13.3
2013-8-4 17:30,3.5,1016,18.9,69.92,3,13.3
2013-8-4 18:0,3.1,1016,18.4,75.6,3,14
2013-8-4 18:30,2.9,1016,17.9,78,3.1,14
2013-8-4 19:0,2.7,1016,17.4,82.53,3.1,14.4
2013-8-4 19:30,2.7,1016,17.1,84.11,3.2,14.4
2013-8-4 20:0,2.7,1016,16.9,86.36,3.2,14.6
2013-8-4 20:30,2.8,1016,16.7,87.46,3.3,14.6
2013-8-4 21:0,2.8,1016,16.5,88.96,3.4,14.7
2013-8-4 21:30,2.7,1016,16.3,90.09,3.4,14.7
2013-8-4 22:0,2.7,1016,16.1,91.2,3.5,14.7
2013-8-4 22:30,2.6,1015,15.9,92.28,3.5,14.6
2013-8-4 23:0,2.6,1015,15.8,92.81,3.6,14.6
2013-8-4 23:30,2.6,1015,15.7,93.4,3.6,14.6
2013-8-5 0:0,2.7,1015,15.7,94.08,3.6,14.7
2013-8-5 0:30,2.7,1014,15.7,93.99,3.6,14.7
2013-8-5 1:0,2.8,1014,15.7,95.12,3.6,14.9
2013-8-5 1:30,2.8,1014,15.8,94.52,3.6,14.9
2013-8-5 2:0,2.8,1013,15.8,95.58,3.5,15.1
2013-8-5 2:30,2.8,1013,15.8,95.58,3.5,15.1
2013-8-5 3:0,2.8,1013,15.8,96.41,3.5,15.2
2013-8-5 3:30,2.8,1013,15.7,97.02,3.5,15.2
2013-8-5 4:0,2.8,1013,15.7,97.46,3.4,15.3
2013-8-5 4:30,2.8,1012,15.9,96.13,3.4,15.3
2013-8-5 5:0,2.9,1012,16.1,96.3,3.4,15.5
2013-8-5 5:30,3.1,1012,16.4,94.48,3.3,15.5
2013-8-5 6:0,3.2,1012,16.8,94.55,3.3,15.9
2013-8-5 6:30,3.2,1012,17.3,91.61,3.3,15.9
2013-8-5 7:0,3.3,1012,17.9,90.53,3.2,16.3
2013-8-5 7:30,3.6,1012,18.5,87.2,3.2,16.3
2013-8-5 8:0,3.9,1011,19.2,81.74,3.2,16
2013-8-5 8:30,4.2,1011,19.6,79.73,3.1,16
2013-8-5 9:0,4.5,1011,20,74.41,3.1,15.3
2013-8-5 9:30,4.6,1011,20.1,73.95,3.1,15.3
2013-8-5 10:0,4.8,1010,20.3,70.96,3,14.9
2013-8-5 10:30,5.2,1010,20.9,68.4,3,14.9
2013-8-5 11:0,5.5,1010,21.5,65.43,3,14.7
2013-8-5 11:30,5.8,1010,22.1,63.09,3,14.7
2013-8-5 12:0,6.1,1009,22.8,60.92,2.9,14.9
2013-8-5 12:30,6.3,1009,23,60.19,2.9,14.9
2013-8-5 13:0,6.5,1009,23.3,60.08,2.9,15.1
2013-8-5 13:30,6.5,1008,23.1,60.75,2.9,15.1
2013-8-5 14:0,6.5,1008,22.9,62.47,2.8,15.4
2013-8-5 14:30,6.4,1008,22.5,64,2.9,15.4
2013-8-5 15:0,6.3,1008,22.2,66.13,2.9,15.6
2013-8-5 15:30,6,1008,21.8,67.75,3,15.6
2013-8-5 16:0,5.6,1008,21.4,70.67,3,15.9
2013-8-5 16:30,5.1,1008,21,72.42,3.1,15.9
2013-8-5 17:0,4.5,1008,20.5,76.33,3.2,16.2
2013-8-5 17:30,3.8,1008,19.9,79.21,3.2,16.2
2013-8-5 18:0,3.1,1008,19.3,84.17,3.2,16.6
2013-8-5 18:30,2.4,1008,18.4,89.02,3.1,16.6
2013-8-5 19:0,1.8,1008,17.4,93.79,3.1,16.4
2013-8-5 19:30,1.7,1008,17,96.18,3.1,16.4
2013-8-5 20:0,1.5,1009,16.5,97.06,3,16
2013-8-5 20:30,1.8,1009,16.4,97.67,3,16
2013-8-5 21:0,2,1009,16.3,97.21,2.9,15.9
2013-8-5 21:30,2.4,1010,16.3,97.31,2.9,15.9
2013-8-5 22:0,2.7,1010,16.2,96.19,2.8,15.6
2013-8-5 22:30,3,1010,15.9,98.04,2.7,15.6
2013-8-5 23:0,3.2,1011,15.6,96.6,2.6,15.1
2013-8-5 23:30,3.2,1011,15.1,99.74,2.5,15.1
2013-8-6 0:0,3.3,1011,14.7,96.63,2.4,14.2
2013-8-6 0:30,3.2,1011,14.2,99.79,2.2,14.2
2013-8-6 1:0,3.1,1012,13.7,96.97,2.1,13.2
2013-8-6 1:30,2.9,1012,13.3,99.53,2,13.2
2013-8-6 2:0,2.8,1012,12.8,97.13,1.8,12.4
2013-8-6 2:30,2.5,1013,12.4,99.8,1.8,12.4
2013-8-6 3:0,2.3,1013,12,97.42,1.7,11.6
2013-8-6 3:30,2.2,1013,11.6,100,1.6,11.6
2013-8-6 4:0,2.1,1014,11.3,98.2,1.6,11
2013-8-6 4:30,2.4,1014,11.7,95.64,1.5,11
2013-8-6 5:0,2.7,1014,12.1,94.62,1.5,11.3
2013-8-6 5:30,2.5,1014,12.8,90.39,1.5,11.3
2013-8-6 6:0,2.4,1015,13.5,90.4,1.5,12
2013-8-6 6:30,2.5,1015,14.9,82.59,1.4,12
2013-8-6 7:0,2.5,1015,16.2,73.93,1.4,11.5
2013-8-6 7:30,2.4,1015,17.1,69.83,1.4,11.5
2013-8-6 8:0,2.3,1015,18.1,60.97,1.4,10.5
2013-8-6 8:30,2.1,1015,18.7,58.73,1.5,10.5
2013-8-6 9:0,1.9,1015,19.4,55.16,1.5,10.2
2013-8-6 9:30,1.6,1015,19.9,53.48,1.5,10.2
2013-8-6 10:0,1.4,1015,20.4,52.16,1.5,10.3
2013-8-6 10:30,1.2,1015,20.8,50.89,1.6,10.3
2013-8-6 11:0,1,1015,21.2,50.16,1.6,10.4
2013-8-6 11:30,1,1015,21.5,49.25,1.7,10.4
2013-8-6 12:0,1,1015,21.9,48.29,1.7,10.5
2013-8-6 12:30,1,1015,22.1,47.7,1.7,10.5
2013-8-6 13:0,1,1014,22.3,47.14,1.7,10.5
2013-8-6 13:30,1,1014,22.3,47.14,1.8,10.5
2013-8-6 14:0,1,1014,22.4,46.49,1.8,10.4
2013-8-6 14:30,0.9,1014,22.3,46.78,1.8,10.4
2013-8-6 15:0,0.8,1013,22.3,46.58,1.9,10.3
2013-8-6 15:30,0.6,1013,22.1,47.15,1.9,10.3
2013-8-6 16:0,0.3,1013,21.9,47.83,2,10.3
2013-8-6 16:30,0.4,1013,21.5,49.01,2,10.3
2013-8-6 17:0,0.4,1013,21.1,52.54,2,11
2013-8-6 17:30,0.5,1013,20.5,54.5,2,11
2013-8-6 18:0,0.7,1013,19.8,65.77,2,13.2
2013-8-6 18:30,0.7,1013,18.6,70.85,2,13.2
2013-8-6 19:0,0.8,1013,17.5,77.4,2,13.5
2013-8-6 19:30,1,1013,17,79.88,2,13.5
2013-8-6 20:0,1.1,1014,16.5,79.96,2,13
2013-8-6 20:30,1.2,1014,16.2,81.5,2,13
2013-8-6 21:0,1.3,1014,15.9,83.2,2,13.1
2013-8-6 21:30,1.3,1013,15.6,84.72,2,13
2013-8-6 22:0,1.3,1013,15.2,86.13,2,12.9
2013-8-6 22:30,1.2,1013,14.7,88.93,2,12.9
2013-8-6 23:0,1.1,1013,14.2,89.72,2,12.5
2013-8-6 23:30,1.1,1013,13.7,92.67,2,12.5
2013-8-7 0:0,1,1012,13.2,95.97,2,12.6
2013-8-7 0:30,1,1012,13,97.23,1.9,12.6
2013-8-7 1:0,1.1,1012,12.7,100,1.9,12.7
2013-8-7 1:30,1.2,1012,12.8,99.94,2,12.8
2013-8-7 2:0,1.3,1012,12.9,100,2,12.9
2013-8-7 2:30,1.4,1012,13.1,100,2,13.1
2013-8-7 3:0,1.5,1011,13.2,100,2,13.2
2013-8-7 3:30,1.6,1011,13.3,100,2,13.3
2013-8-7 4:0,1.7,1011,13.4,100,2,13.4
2013-8-7 4:30,2.2,1011,14,97.69,2,13.6
2013-8-7 5:0,2.6,1012,14.7,95.75,2.1,14
2013-8-7 5:30,3,1012,15.3,92.14,2.1,14
2013-8-7 6:0,3.3,1012,16,89.92,2.1,14.3
2013-8-7 6:30,3.5,1012,16.5,87.11,2.2,14.3
2013-8-7 7:0,3.6,1012,17,81.48,2.2,13.8
2013-8-7 7:30,3.8,1012,17.3,79.96,2.2,13.8
2013-8-7 8:0,3.9,1012,17.6,73.52,2.2,12.8
2013-8-7 8:30,3.9,1012,17.8,72.61,2.3,12.8
2013-8-7 9:0,3.8,1012,18,68.71,2.3,12.2
2013-8-7 9:30,3.9,1012,18.2,67.86,2.3,12.2
2013-8-7 10:0,3.9,1012,18.3,66.08,2.3,11.9
2013-8-7 10:30,3.9,1012,18.6,64.85,2.3,11.9
2013-8-7 11:0,3.9,1012,18.8,63.51,2.3,11.7
2013-8-7 11:30,4,1012,19.1,62.33,2.3,11.7
2013-8-7 12:0,4,1012,19.4,61.24,2.3,11.7
2013-8-7 12:30,4,1012,19.7,60.12,2.4,11.7
2013-8-7 13:0,4.1,1012,20,59.08,2.4,11.8
2013-8-7 13:30,4,1012,20.2,58.35,2.4,11.8
2013-8-7 14:0,3.9,1012,20.3,57.57,2.3,11.7
2013-8-7 14:30,3.8,1012,20.2,57.92,2.3,11.7
2013-8-7 15:0,3.7,1013,20.2,57.66,2.3,11.6
2013-8-7 15:30,3.6,1013,20,58.38,2.3,11.6
2013-8-7 16:0,3.5,1013,19.8,59.03,2.3,11.6
2013-8-7 16:30,3.2,1013,19.4,60.5,2.3,11.6
2013-8-7 17:0,3,1013,19.1,62.21,2.3,11.7
2013-8-7 17:30,2.4,1013,18.3,65.39,2.2,11.7
2013-8-7 18:0,1.8,1013,17.6,73.13,2.2,12.7
2013-8-7 18:30,1.6,1013,16.4,78.88,2.2,12.7
2013-8-7 19:0,1.4,1014,15.3,84.19,2.2,12.6
2013-8-7 19:30,1.4,1014,14.7,87.49,2.1,12.6
2013-8-7 20:0,1.3,1014,14.2,87.94,2.1,12.2
2013-8-7 20:30,1.3,1014,13.9,89.67,2.1,12.2
2013-8-7 21:0,1.3,1015,13.5,90.2,2.1,11.9
2013-8-7 21:30,1.2,1015,13.2,91.98,2,11.9
2013-8-7 22:0,1.2,1015,12.8,91.64,2,11.5
2013-8-7 22:30,1.1,1015,12.4,94.06,2,11.5
2013-8-7 23:0,1.1,1015,12.1,93.44,1.9,11.1
2013-8-7 23:30,1.1,1015,11.8,95.3,1.9,11.1
2013-8-8 0:0,1,1016,11.5,96.14,1.8,10.9
2013-8-8 0:30,1,1016,11.2,98.06,1.8,10.9
2013-8-8 1:0,1,1016,10.9,99.39,1.8,10.8
2013-8-8 1:30,1,1016,10.7,100,1.7,10.7
2013-8-8 2:0,1,1016,10.5,100,1.7,10.5
2013-8-8 2:30,1,1016,10.3,100,1.7,10.3
2013-8-8 3:0,1,1016,10.1,100,1.7,10.1
2013-8-8 3:30,1,1016,9.9,100,1.7,9.9
2013-8-8 4:0,1,1016,9.8,100,1.6,9.8
2013-8-8 4:30,1.1,1016,10.7,100,1.6,10.7
2013-8-8 5:0,1.1,1017,11.6,96.99,1.6,11.1
2013-8-8 5:30,1.3,1017,12.7,90.23,1.6,11.1
2013-8-8 6:0,1.6,1017,13.8,86,1.6,11.5
2013-8-8 6:30,1.5,1017,15.2,78.59,1.6,11.5
2013-8-8 7:0,1.5,1017,16.7,68.49,1.6,10.9
2013-8-8 7:30,1.5,1018,17.8,63.97,1.7,10.9
2013-8-8 8:0,1.5,1018,18.8,57.79,1.7,10.3
2013-8-8 8:30,1.4,1018,19.5,55.33,1.7,10.3
2013-8-8 9:0,1.2,1018,20.1,53.66,1.7,10.4
2013-8-8 9:30,1.1,1018,20.5,52.36,1.7,10.4
2013-8-8 10:0,0.9,1018,21,50.94,1.7,10.5
2013-8-8 10:30,1.1,1018,21.2,50.33,1.8,10.5
2013-8-8 11:0,1.2,1018,21.5,49.32,1.8,10.4
2013-8-8 11:30,1.3,1018,21.9,48.13,1.8,10.4
2013-8-8 12:0,1.4,1018,22.2,47.91,1.9,10.6
2013-8-8 12:30,1.5,1018,22.6,46.76,1.9,10.6
2013-8-8 13:0,1.6,1018,22.9,46.84,2,10.9
2013-8-8 13:30,1.8,1018,23,46.56,2,10.9
2013-8-8 14:0,2.1,1017,23.2,46.67,2.1,11.2
2013-8-8 14:30,2.3,1017,23.1,46.95,2.1,11.2
2013-8-8 15:0,2.5,1017,23,47.96,2.2,11.4
2013-8-8 15:30,2.7,1017,22.7,48.84,2.2,11.4
2013-8-8 16:0,2.9,1017,22.3,51.13,2.3,11.7
2013-8-8 16:30,2.9,1017,21.7,53.03,2.3,11.7
2013-8-8 17:0,2.9,1017,21.1,58.85,2.3,12.7
2013-8-8 17:30,2.9,1017,20.3,61.81,2.4,12.7
2013-8-8 18:0,2.8,1017,19.5,68.49,2.4,13.5
2013-8-8 18:30,3,1017,18.6,72.43,2.4,13.5
2013-8-8 19:0,3.2,1018,17.7,76.49,2.3,13.5
2013-8-8 19:30,3.5,1018,17.1,79.44,2.3,13.5
2013-8-8 20:0,3.7,1018,16.4,84.49,2.3,13.8
2013-8-8 20:30,3.6,1018,15.9,87.21,2.2,13.8
2013-8-8 21:0,3.5,1018,15.4,91.95,2.2,14.1
2013-8-8 21:30,3.5,1018,15.2,93.13,2.2,14.1
2013-8-8 22:0,3.5,1018,15,95.46,2.1,14.3
2013-8-8 22:30,3.3,1018,14.7,97.31,2.1,14.3
2013-8-8 23:0,3.1,1017,14.5,99.12,2.1,14.4
2013-8-8 23:30,3.1,1017,14.4,99.76,2.2,14.4
2013-8-9 0:0,3,1017,14.4,99.7,2.2,14.4
2013-8-9 0:30,3.1,1017,14.5,99.05,2.4,14.4
2013-8-9 1:0,3.1,1016,14.6,98.08,2.5,14.3
2013-8-9 1:30,3.2,1016,14.7,97.45,2.6,14.3
2013-8-9 2:0,3.3,1016,14.8,96.8,2.7,14.3
2013-8-9 2:30,3.4,1016,14.9,96.18,2.8,14.3
2013-8-9 3:0,3.6,1016,15,96.06,2.8,14.4
2013-8-9 3:30,3.7,1016,15,96.06,2.8,14.4
2013-8-9 4:0,3.7,1015,15.1,95.79,2.8,14.4
2013-8-9 4:30,3.8,1015,15.2,95.18,2.8,14.4
2013-8-9 5:0,3.9,1015,15.4,95.58,2.8,14.7
2013-8-9 5:30,4,1015,15.9,92.58,2.8,14.7
2013-8-9 6:0,4.2,1015,16.3,93.55,2.7,15.3
2013-8-9 6:30,4.2,1015,17,89.5,2.7,15.3
2013-8-9 7:0,4.1,1015,17.7,89.07,2.6,15.9
2013-8-9 7:30,4.1,1015,18.6,84.19,2.6,15.9
2013-8-9 8:0,4.1,1015,19.5,80.6,2.6,16.1
2013-8-9 8:30,4.1,1015,20.3,76.71,2.5,16.1
2013-8-9 9:0,4,1015,21.1,70.98,2.5,15.6
2013-8-9 9:30,4,1015,21.6,68.85,2.5,15.6
2013-8-9 10:0,3.9,1016,22.1,64.57,2.4,15.1
2013-8-9 10:30,4,1016,22.5,63.02,2.3,15.1
2013-8-9 11:0,4,1016,22.8,59.9,2.2,14.6
2013-8-9 11:30,4,1016,23.1,58.83,2.1,14.6
2013-8-9 12:0,4.1,1016,23.4,55.88,2,14.1
2013-8-9 12:30,4.1,1016,23.6,55.22,2,14.1
2013-8-9 13:0,4.1,1016,23.8,51.95,1.9,13.3
2013-8-9 13:30,4.1,1016,23.8,51.95,1.9,13.3
2013-8-9 14:0,4.2,1016,23.8,49.1,1.8,12.5
2013-8-9 14:30,4.1,1016,23.5,49.99,1.8,12.5
2013-8-9 15:0,4.1,1016,23.2,48.45,1.8,11.7
2013-8-9 15:30,4,1016,22.9,49.33,1.8,11.7
2013-8-9 16:0,4,1017,22.5,49.2,1.8,11.3
2013-8-9 16:30,3.7,1017,21.9,51.03,1.8,11.3
2013-8-9 17:0,3.4,1017,21.3,53.72,1.8,11.5
2013-8-9 17:30,2.9,1017,20.2,57.47,1.8,11.5
2013-8-9 18:0,2.4,1018,19.2,65.06,1.8,12.5
2013-8-9 18:30,2.2,1018,18.1,69.68,1.8,12.5
2013-8-9 19:0,2,1018,17.1,73.63,1.7,12.4
2013-8-9 19:30,2.2,1019,16.7,75.59,1.8,12.4
2013-8-9 20:0,2.3,1019,16.2,76.79,1.8,12.1
2013-8-9 20:30,2.4,1019,15.8,78.77,1.7,12.1
2013-8-9 21:0,2.5,1019,15.4,79.42,1.7,11.9
2013-8-9 21:30,2.5,1020,15,81.56,1.7,11.9
2013-8-9 22:0,2.6,1020,14.6,81.94,1.7,11.5
2013-8-9 22:30,2.5,1020,14.1,84.62,1.7,11.5
2013-8-9 23:0,2.3,1020,13.6,85.5,1.7,11.2
2013-8-9 23:30,2.2,1020,13.1,88.32,1.7,11.2
2013-8-10 0:0,2,1020,12.6,89.21,1.7,10.9
2013-8-10 0:30,1.9,1020,12.3,90.98,1.7,10.9
2013-8-10 1:0,1.8,1020,11.9,91.81,1.7,10.6
2013-8-10 1:30,1.8,1020,11.8,92.41,1.6,10.6
2013-8-10 2:0,1.8,1020,11.6,92.78,1.6,10.5
2013-8-10 2:30,1.7,1020,11.5,93.39,1.6,10.5
2013-8-10 3:0,1.7,1020,11.5,93.41,1.6,10.5
2013-8-10 3:30,1.7,1020,11.5,93.41,1.6,10.5
2013-8-10 4:0,1.6,1020,11.5,93.98,1.6,10.6
2013-8-10 4:30,2,1020,12,90.94,1.6,10.6
2013-8-10 5:0,2.3,1020,12.6,89.17,1.6,10.9
2013-8-10 5:30,2.4,1020,13.3,85.19,1.6,10.9
2013-8-10 6:0,2.5,1020,14,82.59,1.6,11.1
2013-8-10 6:30,2.6,1020,15.2,76.45,1.7,11.1
2013-8-10 7:0,2.8,1021,16.3,66.63,1.7,10.1
2013-8-10 7:30,2.9,1021,17.1,63.34,1.7,10.1
2013-8-10 8:0,3,1021,17.8,56.42,1.7,9
2013-8-10 8:30,3.1,1021,18.2,55.02,1.7,9
2013-8-10 9:0,3.1,1021,18.7,52.37,1.7,8.7
2013-8-10 9:30,3.2,1021,19.1,51.08,1.8,8.7
2013-8-10 10:0,3.2,1021,19.5,49.92,1.8,8.8
2013-8-10 10:30,3.2,1021,19.8,49.01,1.8,8.8
2013-8-10 11:0,3.2,1020,20.2,48.22,1.8,8.9
2013-8-10 11:30,3.2,1020,20.5,47.34,1.8,8.9
2013-8-10 12:0,3.2,1020,20.9,46.75,1.8,9.1
2013-8-10 12:30,3.2,1020,21.2,45.9,1.8,9.1
2013-8-10 13:0,3.3,1020,21.6,45.44,1.8,9.3
2013-8-10 13:30,3.3,1019,21.7,45.12,1.8,9.3
2013-8-10 14:0,3.3,1019,21.9,45.12,1.8,9.5
2013-8-10 14:30,3.2,1019,21.9,45.12,1.8,9.5
2013-8-10 15:0,3.1,1019,21.9,45.79,1.8,9.7
2013-8-10 15:30,3,1019,21.6,46.63,1.9,9.7
2013-8-10 16:0,2.9,1019,21.4,47.84,1.9,9.9
2013-8-10 16:30,2.5,1019,20.9,49.33,1.9,9.9
2013-8-10 17:0,2.2,1018,20.4,55.14,2,11.1
2013-8-10 17:30,1.7,1018,19.6,57.92,2,11.1
2013-8-10 18:0,1.2,1018,18.7,71.05,2,13.3
2013-8-10 18:30,1.2,1019,17.8,75.24,2,13.4
2013-8-10 19:0,1.1,1019,17,78.84,2,13.3
2013-8-10 19:30,1.1,1019,16.7,80.35,2.1,13.3
2013-8-10 20:0,1.2,1019,16.3,82.46,2.1,13.3
2013-8-10 20:30,1.2,1019,15.9,84.58,2.1,13.3
2013-8-10 21:0,1.2,1019,15.5,85.85,2.2,13.1
2013-8-10 21:30,1.2,1019,15.1,88.07,2.2,13.1
2013-8-10 22:0,1.3,1019,14.7,88.53,2.2,12.8
2013-8-10 22:30,1.3,1019,14.4,90.26,2.2,12.8
2013-8-10 23:0,1.4,1019,14,91.09,2.3,12.6
2013-8-10 23:30,1.4,1018,13.8,92.19,2.3,12.6
2013-8-11 0:0,1.4,1018,13.5,94.18,2.3,12.6
2013-8-11 0:30,1.5,1018,13.4,94.79,2.3,12.6
2013-8-11 1:0,1.5,1018,13.3,96.99,2.4,12.8
2013-8-11 1:30,1.6,1018,13.3,96.99,2.4,12.8
2013-8-11 2:0,1.6,1017,13.2,99.59,2.4,13.1
2013-8-11 2:30,1.7,1017,13,100,2.4,13
2013-8-11 3:0,1.7,1017,12.9,100,2.4,12.9
2013-8-11 3:30,1.8,1017,13,100,2.5,13
2013-8-11 4:0,2,1017,13.1,100,2.5,13.1
2013-8-11 4:30,2.5,1017,13.8,98.59,2.5,13.6
2013-8-11 5:0,3,1017,14.6,95.83,2.4,13.9
2013-8-11 5:30,3.3,1017,15.3,91.62,2.4,13.9
2013-8-11 6:0,3.6,1017,16.1,90.96,2.4,14.6
2013-8-11 6:30,3.8,1017,16.8,87.01,2.3,14.6
2013-8-11 7:0,4,1017,17.5,84.8,2.3,14.9
2013-8-11 7:30,4.1,1017,18.2,81.15,2.2,14.9
2013-8-11 8:0,4.3,1017,19,74.38,2.1,14.3
2013-8-11 8:30,4.4,1016,19.6,71.59,2,14.3
2013-8-11 9:0,4.5,1016,20.2,63.17,1.9,13
2013-8-11 9:30,4.6,1016,20.6,61.64,1.9,13
2013-8-11 10:0,4.6,1016,20.9,55.88,1.8,11.8
2013-8-11 10:30,4.6,1016,21.4,54.19,1.8,11.8
2013-8-11 11:0,4.6,1016,21.8,50.89,1.7,11.2
2013-8-11 11:30,4.6,1016,22.1,49.97,1.7,11.2
2013-8-11 12:0,4.6,1015,22.5,47.8,1.7,10.9
2013-8-11 12:30,4.6,1015,22.7,47.23,1.7,10.9
2013-8-11 13:0,4.6,1015,22.9,46.42,1.8,10.8
2013-8-11 13:30,4.6,1015,22.9,46.42,1.8,10.8
2013-8-11 14:0,4.6,1014,22.9,46.48,1.8,10.8
2013-8-11 14:30,4.5,1014,22.7,47.05,1.8,10.8
2013-8-11 15:0,4.4,1014,22.6,47.54,1.8,10.9
2013-8-11 15:30,4.2,1014,22.2,48.7,1.9,10.9
2013-8-11 16:0,4,1014,21.8,49.93,1.9,10.9
2013-8-11 16:30,3.6,1014,21.2,51.79,1.9,10.9
2013-8-11 17:0,3.2,1014,20.6,55.33,1.9,11.3
2013-8-11 17:30,2.6,1014,19.7,58.49,1.9,11.3
2013-8-11 18:0,2,1014,18.7,67.18,1.9,12.5
2013-8-11 18:30,1.8,1014,17.8,71.07,1.9,12.5
2013-8-11 19:0,1.6,1015,16.9,75.32,1.9,12.5
2013-8-11 19:30,1.6,1015,16.5,77.26,1.9,12.5
2013-8-11 20:0,1.7,1015,16.2,77.58,1.9,12.3
2013-8-11 20:30,1.7,1015,15.8,79.58,1.9,12.3
2013-8-11 21:0,1.8,1015,15.4,80.29,1.9,12
2013-8-11 21:30,1.8,1015,15,82.37,1.9,12
2013-8-11 22:0,1.8,1015,14.6,83.3,1.9,11.8
2013-8-11 22:30,1.7,1015,14.1,86.02,1.9,11.8
2013-8-11 23:0,1.7,1015,13.7,87.2,1.9,11.6
2013-8-11 23:30,1.6,1015,13.3,89.49,1.9,11.6
2013-8-12 0:0,1.6,1015,12.9,91.05,1.9,11.5
2013-8-12 0:30,1.6,1015,12.9,91.05,1.9,11.5
2013-8-12 1:0,1.6,1015,12.8,92.41,1.9,11.6
2013-8-12 1:30,1.6,1015,12.7,93.01,2,11.6
2013-8-12 2:0,1.6,1015,12.6,94.39,2,11.7
2013-8-12 2:30,1.5,1015,12.5,95.01,2,11.7
2013-8-12 3:0,1.5,1015,12.3,97,2,11.8
2013-8-12 3:30,1.5,1015,12.3,97,2.1,11.8
2013-8-12 4:0,1.6,1015,12.3,98.32,2.1,12
2013-8-12 4:30,1.9,1015,12.7,95.78,2.1,12
2013-8-12 5:0,2.3,1015,13.2,94.49,2.2,12.3
2013-8-12 5:30,2.4,1015,13.5,92.67,2.2,12.3
2013-8-12 6:0,2.5,1015,13.9,91.67,2.2,12.6
2013-8-12 6:30,2.5,1015,14.4,88.76,2.2,12.6
2013-8-12 7:0,2.5,1015,14.9,85.91,2.2,12.6
2013-8-12 7:30,2.7,1015,15.6,82.14,2.1,12.6
2013-8-12 8:0,2.9,1015,16.3,75.04,2.1,11.9
2013-8-12 8:30,3.3,1015,17.3,70.44,2,11.9
2013-8-12 9:0,3.6,1015,18.2,61.51,2,10.7
2013-8-12 9:30,3.8,1015,18.8,59.25,1.9,10.7
2013-8-12 10:0,4,1015,19.5,52.58,1.9,9.5
2013-8-12 10:30,4.1,1015,19.8,51.61,1.8,9.5
2013-8-12 11:0,4.2,1015,20.2,48.47,1.8,9
2013-8-12 11:30,4.3,1014,20.5,47.53,1.7,9
2013-8-12 12:0,4.3,1014,20.8,45.47,1.7,8.6
2013-8-12 12:30,4.4,1014,21,44.91,1.6,8.6
2013-8-12 13:0,4.4,1014,21.2,43.56,1.6,8.3
2013-8-12 13:30,4.4,1014,21.1,43.83,1.6,8.3
2013-8-12 14:0,4.4,1014,21.1,43.21,1.6,8.1
2013-8-12 14:30,4.4,1014,21,43.47,1.6,8.1
2013-8-12 15:0,4.5,1014,20.8,44.27,1.7,8.2
2013-8-12 15:30,4.4,1014,20.3,45.66,1.8,8.2
2013-8-12 16:0,4.4,1014,19.9,48.04,1.8,8.6
2013-8-12 16:30,4.2,1014,19.3,49.86,1.9,8.6
2013-8-12 17:0,4,1014,18.6,54.6,2,9.3
2013-8-12 17:30,3.5,1015,17.8,57.46,2,9.3
2013-8-12 18:0,3,1015,17.1,63.61,2.1,10.1
2013-8-12 18:30,2.7,1015,16.2,67.34,2.1,10.1
2013-8-12 19:0,2.3,1015,15.3,73.32,2.1,10.6
2013-8-12 19:30,2.3,1016,14.7,76.27,2,10.6
2013-8-12 20:0,2.3,1016,14.2,78.25,2,10.5
2013-8-12 20:30,2.4,1016,13.9,79.78,2,10.5
2013-8-12 21:0,2.5,1017,13.5,81.1,1.9,10.3
2013-8-12 21:30,2.4,1017,13.2,82.7,1.9,10.3
2013-8-12 22:0,2.4,1017,12.8,84.25,1.8,10.2
2013-8-12 22:30,2.5,1017,12.4,86.48,1.8,10.2
2013-8-12 23:0,2.5,1018,12.1,87.81,1.7,10.1
2013-8-12 23:30,2.5,1018,11.8,89.56,1.7,10.1
2013-8-13 0:0,2.5,1018,11.4,91.53,1.7,10.1
2013-8-13 0:30,2.5,1018,11.2,92.74,1.7,10.1
2013-8-13 1:0,2.5,1018,10.9,94.14,1.7,10
2013-8-13 1:30,2.5,1018,10.6,96.03,1.6,10
2013-8-13 2:0,2.5,1018,10.3,97.52,1.6,9.9
2013-8-13 2:30,2.4,1018,10.1,98.83,1.6,9.9
2013-8-13 3:0,2.4,1018,9.8,100,1.7,9.8
2013-8-13 3:30,2.3,1018,9.6,100,1.7,9.6
2013-8-13 4:0,2.3,1018,9.4,100,1.7,9.4
2013-8-13 4:30,2.6,1018,9.9,97.92,1.7,9.6
2013-8-13 5:0,3,1019,10.4,94.03,1.8,9.5
2013-8-13 5:30,3,1019,11.3,88.59,1.8,9.5
2013-8-13 6:0,3,1019,12.3,84.29,1.9,9.7
2013-8-13 6:30,3.3,1019,13.6,77.44,1.9,9.7
2013-8-13 7:0,3.5,1020,15,68.99,2,9.4
2013-8-13 7:30,3.6,1020,15.8,65.55,2,9.4
2013-8-13 8:0,3.6,1020,16.5,60.42,2.1,8.8
2013-8-13 8:30,3.6,1020,16.9,58.91,2.2,8.8
2013-8-13 9:0,3.6,1020,17.3,56.41,2.3,8.5
2013-8-13 9:30,3.8,1020,17.6,55.36,2.4,8.5
2013-8-13 10:0,3.9,1020,17.8,55.33,2.4,8.7
2013-8-13 10:30,4,1020,18,54.64,2.5,8.7
2013-8-13 11:0,4.2,1020,18.1,55.98,2.5,9.2
2013-8-13 11:30,4.2,1020,18.4,54.94,2.5,9.2
2013-8-13 12:0,4.3,1020,18.7,55.68,2.6,9.7
2013-8-13 12:30,4.2,1020,19,54.65,2.6,9.7
2013-8-13 13:0,4.2,1020,19.3,55.53,2.6,10.2
2013-8-13 13:30,4.1,1020,19.5,54.85,2.6,10.2
2013-8-13 14:0,4,1020,19.8,55.49,2.6,10.6
2013-8-13 14:30,3.9,1020,19.7,55.84,2.6,10.6
2013-8-13 15:0,3.8,1019,19.7,56.94,2.6,10.9
2013-8-13 15:30,3.7,1019,19.5,57.65,2.7,10.9
2013-8-13 16:0,3.5,1019,19.2,59.89,2.7,11.2
2013-8-13 16:30,3.2,1019,18.8,61.39,2.7,11.2
2013-8-13 17:0,2.8,1020,18.4,64.83,2.7,11.7
2013-8-13 17:30,2.1,1020,17.6,68.17,2.7,11.7
2013-8-13 18:0,1.5,1020,16.9,77.65,2.7,13
2013-8-13 18:30,1.3,1020,15.9,82.74,2.7,13
2013-8-13 19:0,1.1,1020,14.9,87.05,2.7,12.8
2013-8-13 19:30,1.1,1020,14.4,89.89,2.7,12.8
2013-8-13 20:0,1.2,1021,14,90.39,2.7,12.5
2013-8-13 20:30,1.2,1021,13.6,92.76,2.7,12.4
2013-8-13 21:0,1.2,1021,13.2,93.24,2.6,12.1
2013-8-13 21:30,1.3,1021,13,94.47,2.6,12.1
2013-8-13 22:0,1.3,1021,12.7,95.18,2.6,11.9
2013-8-13 22:30,1.3,1021,12.6,95.8,2.6,11.9
2013-8-13 23:0,1.3,1021,12.5,95.89,2.6,11.9
2013-8-13 23:30,1.2,1021,12.1,98.44,2.5,11.9
2013-8-14 0:0,1.2,1021,11.8,99.33,2.5,11.7
2013-8-14 0:30,1.2,1021,11.5,100,2.5,11.5
2013-8-14 1:0,1.2,1021,11.3,100,2.5,11.3
2013-8-14 1:30,1.2,1021,11,100,2.4,11
2013-8-14 2:0,1.2,1021,10.7,100,2.4,10.7
2013-8-14 2:30,1.1,1021,10.5,100,2.4,10.5
2013-8-14 3:0,1.1,1021,10.3,100,2.4,10.3
2013-8-14 3:30,1.1,1021,10.1,100,2.3,10.1
2013-8-14 4:0,1,1021,9.9,100,2.3,9.9
2013-8-14 4:30,1,1021,10.7,100,2.3,10.7
2013-8-14 5:0,1,1021,11.4,98.2,2.3,11.1
2013-8-14 5:30,1.2,1021,12.3,92.56,2.3,11.1
2013-8-14 6:0,1.3,1022,13.3,89.07,2.3,11.5
2013-8-14 6:30,1.2,1022,14.5,82.42,2.3,11.5
2013-8-14 7:0,1,1022,15.8,76.14,2.3,11.6
2013-8-14 7:30,1.2,1022,17.1,70.11,2.3,11.6
2013-8-14 8:0,1.3,1022,18.3,64.12,2.3,11.4
2013-8-14 8:30,1.5,1022,19.1,61,2.3,11.4
2013-8-14 9:0,1.6,1022,19.8,59.39,2.3,11.7
2013-8-14 9:30,1.8,1022,20.4,57.23,2.3,11.7
2013-8-14 10:0,2.1,1021,21,56.01,2.3,11.9
2013-8-14 10:30,2.3,1021,21.5,54.33,2.4,11.9
2013-8-14 11:0,2.6,1021,22,53.39,2.4,12.1
2013-8-14 11:30,2.8,1021,22.4,52.11,2.5,12.1
2013-8-14 12:0,3,1021,22.7,51.78,2.6,12.3
2013-8-14 12:30,3.2,1021,22.8,51.47,2.6,12.3
2013-8-14 13:0,3.4,1020,22.9,51.6,2.7,12.4
2013-8-14 13:30,3.5,1020,22.7,52.22,2.8,12.4
2013-8-14 14:0,3.6,1020,22.6,53.12,2.8,12.6
2013-8-14 14:30,3.7,1020,22.3,54.1,2.9,12.6
2013-8-14 15:0,3.8,1020,21.9,56.51,2.9,12.9
2013-8-14 15:30,3.8,1020,21.5,57.9,3,12.9
2013-8-14 16:0,3.8,1020,21.1,60.88,3,13.3
2013-8-14 16:30,3.7,1020,20.6,62.77,3.1,13.3
2013-8-14 17:0,3.6,1020,20.1,67.12,3.1,13.8
2013-8-14 17:30,3.4,1020,19.4,70.09,3.2,13.8
2013-8-14 18:0,3.1,1020,18.6,76.71,3.2,14.4
2013-8-14 18:30,3.1,1020,17.9,80.14,3.3,14.4
2013-8-14 19:0,3,1020,17.1,85.97,3.3,14.7
2013-8-14 19:30,3.1,1020,16.6,88.74,3.3,14.7
2013-8-14 20:0,3.1,1020,16.2,92.79,3.3,15
2013-8-14 20:30,3,1020,16,93.98,3.3,15
2013-8-14 21:0,2.9,1020,15.8,96.32,3.3,15.2
2013-8-14 21:30,2.8,1020,15.7,96.94,3.3,15.2
2013-8-14 22:0,2.7,1019,15.6,97.71,3.3,15.2
2013-8-14 22:30,2.6,1019,15.6,97.71,3.3,15.2
2013-8-14 23:0,2.6,1019,15.5,98.41,3.3,15.2
2013-8-14 23:30,2.6,1019,15.4,99.04,3.3,15.2
2013-8-15 0:0,2.6,1019,15.4,99.15,3.2,15.3
2013-8-15 0:30,2.6,1019,15.4,99.15,3.2,15.3
2013-8-15 1:0,2.6,1019,15.4,99.39,3.2,15.3
2013-8-15 1:30,2.5,1019,15.4,99.39,3.2,15.3
2013-8-15 2:0,2.5,1018,15.4,99.11,3.1,15.3
2013-8-15 2:30,2.6,1018,15.4,99.11,3.1,15.3
2013-8-15 3:0,2.7,1018,15.5,98.5,3.1,15.3
2013-8-15 3:30,2.8,1018,15.5,98.5,3.1,15.3
2013-8-15 4:0,2.9,1018,15.6,97.98,3.1,15.3
2013-8-15 4:30,3.1,1018,15.8,96.74,3.1,15.3
2013-8-15 5:0,3.3,1018,16,96.89,3.1,15.5
2013-8-15 5:30,3.5,1018,16.4,94.46,3.2,15.5
2013-8-15 6:0,3.7,1018,16.8,94.68,3.2,15.9
2013-8-15 6:30,4,1018,17.3,91.74,3.2,15.9
2013-8-15 7:0,4.3,1018,17.8,91.31,3.2,16.4
2013-8-15 7:30,4.7,1018,18.6,86.85,3.1,16.4
2013-8-15 8:0,5.1,1018,19.4,82.1,3.1,16.3
2013-8-15 8:30,5.3,1018,20.3,77.66,3,16.3
2013-8-15 9:0,5.6,1017,21.1,72.45,3,16
2013-8-15 9:30,5.6,1017,21.8,69.43,3,16
2013-8-15 10:0,5.7,1017,22.5,65.47,2.9,15.7
2013-8-15 10:30,5.8,1017,23,63.53,2.9,15.7
2013-8-15 11:0,5.8,1017,23.4,61.68,2.9,15.6
2013-8-15 11:30,5.9,1016,23.6,60.88,2.9,15.6
2013-8-15 12:0,6,1016,23.9,59.77,3,15.6
2013-8-15 12:30,6,1016,24,59.42,3,15.6
2013-8-15 13:0,6,1016,24,59.4,3,15.6
2013-8-15 13:30,5.9,1016,24,59.4,3,15.6
2013-8-15 14:0,5.9,1016,23.9,59.69,3,15.6
2013-8-15 14:30,5.8,1016,23.8,60.05,3,15.6
2013-8-15 15:0,5.7,1015,23.6,60.53,3,15.5
2013-8-15 15:30,5.5,1015,23.3,61.63,3,15.5
2013-8-15 16:0,5.4,1015,22.9,62.63,3,15.4
2013-8-15 16:30,5,1015,22.4,64.56,3,15.4
2013-8-15 17:0,4.7,1015,21.9,66.43,3,15.4
2013-8-15 17:30,4.1,1015,21.1,69.75,3,15.4
2013-8-15 18:0,3.5,1015,20.3,74.36,3,15.6
2013-8-15 18:30,3.2,1015,19.3,79.1,3,15.6
2013-8-15 19:0,2.9,1015,18.3,84.04,3,15.6
2013-8-15 19:30,3,1015,17.9,86.17,2.9,15.6
2013-8-15 20:0,3.2,1015,17.4,88.68,2.9,15.5
2013-8-15 20:30,3.3,1015,17.1,90.37,2.9,15.5
2013-8-15 21:0,3.3,1015,16.7,92.77,2.9,15.5
2013-8-15 21:30,3.3,1015,16.5,93.95,3,15.5
2013-8-15 22:0,3.3,1015,16.2,95.45,3,15.5
2013-8-15 22:30,3.3,1015,16.1,96.06,3,15.5
2013-8-15 23:0,3.2,1015,15.9,96.86,3,15.4
2013-8-15 23:30,3.2,1015,15.8,97.48,3,15.4
2013-8-16 0:0,3.2,1015,15.7,97.52,3.1,15.3
2013-8-16 0:30,3.2,1015,15.7,97.52,3.1,15.3
2013-8-16 1:0,3.2,1014,15.6,97.55,3.2,15.2
2013-8-16 1:30,3.3,1014,15.6,97.55,3.2,15.2
2013-8-16 2:0,3.3,1014,15.6,97.2,3.3,15.2
2013-8-16 2:30,3.3,1014,15.7,96.58,3.3,15.2
2013-8-16 3:0,3.4,1014,15.7,96.69,3.4,15.2
2013-8-16 3:30,3.4,1014,15.7,96.69,3.4,15.2
2013-8-16 4:0,3.4,1013,15.8,96.28,3.4,15.2
2013-8-16 4:30,3.4,1013,15.9,95.67,3.4,15.2
2013-8-16 5:0,3.5,1013,16,95.79,3.4,15.3
2013-8-16 5:30,3.7,1013,16.4,93.38,3.5,15.3
2013-8-16 6:0,3.9,1013,16.7,93.82,3.5,15.7
2013-8-16 6:30,4.2,1013,17.3,90.33,3.5,15.7
2013-8-16 7:0,4.6,1013,17.9,88.61,3.6,16
2013-8-16 7:30,4.8,1013,18.4,85.88,3.6,16
2013-8-16 8:0,5,1013,19,83.04,3.6,16.1
2013-8-16 8:30,5,1013,19.4,81,3.6,16.1
2013-8-16 9:0,5,1013,19.8,79.97,3.6,16.2
2013-8-16 9:30,5,1013,20,78.99,3.6,16.2
2013-8-16 10:0,4.9,1013,20.2,78.72,3.6,16.4
2013-8-16 10:30,4.9,1013,20.4,77.76,3.5,16.4
2013-8-16 11:0,4.8,1013,20.5,77.46,3.5,16.4
2013-8-16 11:30,4.8,1013,20.8,76.05,3.4,16.4
2013-8-16 12:0,4.8,1013,21,74.87,3.3,16.4
2013-8-16 12:30,4.7,1013,21.1,74.42,3.2,16.4
2013-8-16 13:0,4.6,1013,21.3,72.74,3.1,16.2
2013-8-16 13:30,4.6,1013,21.5,71.86,3,16.2
2013-8-16 14:0,4.6,1013,21.7,70.46,2.9,16.1
2013-8-16 14:30,4.5,1013,21.8,70.03,2.8,16.1
2013-8-16 15:0,4.4,1013,21.8,69.52,2.7,16
2013-8-16 15:30,4,1013,21.6,70.37,2.6,16
2013-8-16 16:0,3.7,1013,21.5,71.26,2.6,16.1
2013-8-16 16:30,3.2,1013,21,73.47,2.5,16.1
2013-8-16 17:0,2.7,1013,20.6,78.23,2.5,16.7
2013-8-16 17:30,2.4,1013,19.9,81.68,2.4,16.7
2013-8-16 18:0,2.1,1013,19.2,86.84,2.4,17
2013-8-16 18:30,1.9,1013,18.3,91.84,2.4,17
2013-8-16 19:0,1.7,1013,17.5,92.99,2.3,16.4
2013-8-16 19:30,1.6,1013,17,95.97,2.3,16.4
2013-8-16 20:0,1.5,1013,16.5,96.38,2.2,15.9
2013-8-16 20:30,1.4,1013,16.2,98.23,2.2,15.9
2013-8-16 21:0,1.4,1013,15.8,97.94,2.2,15.5
2013-8-16 21:30,1.3,1013,15.4,100,2.1,15.4
2013-8-16 22:0,1.3,1014,15.1,99.13,2.1,15
2013-8-16 22:30,1.2,1013,14.7,100,2.1,14.7
2013-8-16 23:0,1.2,1013,14.3,100,2.1,14.3
2013-8-16 23:30,1.2,1013,14,100,2.1,14
2013-8-17 0:0,1.2,1013,13.7,100,2,13.7
2013-8-17 0:30,1.2,1013,13.4,100,2,13.4
2013-8-17 1:0,1.2,1013,13.1,100,2,13.1
2013-8-17 1:30,1.2,1013,12.7,100,2,12.7
2013-8-17 2:0,1.2,1013,12.4,100,2,12.4
2013-8-17 2:30,1.1,1013,12,100,2,12
2013-8-17 3:0,1.1,1013,11.7,100,2,11.7
2013-8-17 3:30,1.1,1013,11.4,100,2,11.4
2013-8-17 4:0,1.1,1013,11.1,100,1.9,11.1
2013-8-17 4:30,1.3,1013,11.7,100,1.9,11.7
2013-8-17 5:0,1.5,1013,12.2,99.76,1.9,12.2
2013-8-17 5:30,2.1,1013,13.2,93.45,1.9,12.2
2013-8-17 6:0,2.6,1013,14.2,91.27,1.9,12.8
2013-8-17 6:30,3,1013,15.2,85.59,1.9,12.8
2013-8-17 7:0,3.3,1012,16.3,80.26,1.9,12.9
2013-8-17 7:30,3.8,1012,17.2,75.82,1.9,12.9
2013-8-17 8:0,4.3,1012,18.1,66.98,1.9,11.9
2013-8-17 8:30,4.7,1012,18.6,64.92,2,11.9
2013-8-17 9:0,5.1,1012,19.2,59.33,2.1,11.1
2013-8-17 9:30,5.3,1012,19.5,58.23,2.2,11.1
2013-8-17 10:0,5.6,1011,19.9,57.07,2.3,11.1
2013-8-17 10:30,5.8,1011,20.2,56.03,2.5,11.2
2013-8-17 11:0,6,1011,20.5,56.69,2.6,11.6
2013-8-17 11:30,6.2,1010,20,58.4,2.8,11.6
2013-8-17 12:0,6.4,1010,19.5,61.39,3,11.9
2013-8-17 12:30,6.6,1010,19,63.32,3.2,11.9
2013-8-17 13:0,6.8,1010,18.4,68.97,3.4,12.6
2013-8-17 13:30,6.8,1009,18,70.65,3.6,12.6
2013-8-17 14:0,6.8,1009,17.6,74.19,3.7,13
2013-8-17 14:30,6.6,1009,17.4,75.13,3.7,13
2013-8-17 15:0,6.5,1009,17.1,75.42,3.6,12.7
2013-8-17 15:30,6.3,1008,17,75.83,3.5,12.7
2013-8-17 16:0,6.2,1008,16.8,76.62,3.3,12.7
2013-8-17 16:30,6.2,1008,16.8,76.62,3.3,12.7
2013-8-17 17:0,6.3,1007,16.8,78.81,3.3,13.1
2013-8-17 17:30,6.3,1007,16.6,79.82,3.3,13.1
2013-8-17 18:0,6.2,1007,16.5,82.67,3.4,13.5
2013-8-17 18:30,6.3,1007,16.3,83.73,3.4,13.5
2013-8-17 19:0,6.4,1007,16.1,85.7,3.5,13.7
2013-8-17 19:30,6.4,1007,16.1,85.7,3.5,13.7
2013-8-17 20:0,6.5,1007,16,87.79,3.5,14
2013-8-17 20:30,6.5,1006,16.1,87.15,3.5,14
2013-8-17 21:0,6.4,1006,16.1,90.46,3.5,14.5
2013-8-17 21:30,6.2,1006,16.2,89.89,3.5,14.5
2013-8-17 22:0,6.1,1006,16.3,92.72,3.4,15.1
2013-8-17 22:30,5.9,1006,16.3,92.72,3.3,15.1
2013-8-17 23:0,5.6,1005,16.4,94.06,3.1,15.4
2013-8-17 23:30,5.3,1005,16.3,94.66,2.9,15.4
2013-8-18 0:0,4.9,1005,16.2,96.26,2.6,15.6
2013-8-18 0:30,4.5,1005,16.1,96.88,2.4,15.6
2013-8-18 1:0,4.2,1005,15.9,97.5,2.2,15.5
2013-8-18 1:30,4.1,1005,15.7,98.75,2.1,15.5
2013-8-18 2:0,3.9,1005,15.6,97.41,2,15.2
2013-8-18 2:30,3.9,1006,15.4,98.76,1.9,15.2
2013-8-18 3:0,3.9,1006,15.3,96.41,1.9,14.7
2013-8-18 3:30,3.8,1006,15.1,97.65,1.9,14.7
2013-8-18 4:0,3.6,1006,14.9,95.74,1.9,14.2
2013-8-18 4:30,3.6,1006,14.8,96.36,1.9,14.2
2013-8-18 5:0,3.6,1007,14.8,94.93,1.9,14
2013-8-18 5:30,3.8,1007,15.3,91.94,1.9,14
2013-8-18 6:0,4,1007,15.8,90.49,1.9,14.2
2013-8-18 6:30,4.3,1007,16.7,85.46,1.9,14.2
2013-8-18 7:0,4.5,1008,17.5,80.08,1.9,14
2013-8-18 7:30,4.5,1008,18.3,76.16,1.9,14
2013-8-18 8:0,4.5,1008,19.1,68.25,1.9,13.1
2013-8-18 8:30,4.5,1008,19.7,65.76,2,13.1
2013-8-18 9:0,4.5,1008,20.4,60.71,2,12.6
2013-8-18 9:30,4.4,1008,20.8,59.24,2,12.6
2013-8-18 10:0,4.4,1008,21.2,57.22,2,12.4
2013-8-18 10:30,4.4,1008,21.6,55.84,2,12.4
2013-8-18 11:0,4.4,1008,22,53.79,2.1,12.2
2013-8-18 11:30,4.3,1008,22.3,52.82,2.1,12.2
2013-8-18 12:0,4.3,1009,22.6,51.67,2.1,12.2
2013-8-18 12:30,4.3,1009,22.8,51.05,2.1,12.2
2013-8-18 13:0,4.3,1009,22.9,50.86,2.1,12.2
2013-8-18 13:30,4.3,1008,22.8,51.12,2.1,12.2
2013-8-18 14:0,4.3,1008,22.7,51.98,2.2,12.3
2013-8-18 14:30,4.2,1008,22.4,52.93,2.2,12.3
2013-8-18 15:0,4.1,1008,22.1,53.94,2.2,12.3
2013-8-18 15:30,3.9,1008,21.7,55.27,2.2,12.3
2013-8-18 16:0,3.8,1009,21.3,57.3,2.2,12.5
2013-8-18 16:30,3.4,1009,20.8,59.08,2.3,12.5
2013-8-18 17:0,3.1,1009,20.3,63.67,2.3,13.2
2013-8-18 17:30,2.9,1009,19.5,66.9,2.3,13.2
2013-8-18 18:0,2.6,1009,18.8,71.56,2.3,13.6
2013-8-18 18:30,2.6,1009,18.3,73.82,2.3,13.5
2013-8-18 19:0,2.6,1010,17.8,75.72,2.3,13.5
2013-8-18 19:30,2.6,1010,17.3,78.14,2.3,13.5
2013-8-18 20:0,2.7,1010,16.9,78.57,2.2,13.2
2013-8-18 20:30,2.7,1010,16.4,81.1,2.2,13.1
2013-8-18 21:0,2.7,1010,15.9,80.99,2.1,12.6
2013-8-18 21:30,2.8,1011,15.4,83.7,2.1,12.7
2013-8-18 22:0,2.9,1011,14.9,83.47,2,12.1
2013-8-18 22:30,3,1011,14.4,86.2,2,12.1
2013-8-18 23:0,3.1,1011,14,86.76,2,11.8
2013-8-18 23:30,3,1011,13.5,89.61,1.9,11.8
2013-8-19 0:0,3,1012,13.1,91.95,1.9,11.8
2013-8-19 0:30,2.8,1012,12.7,94.38,1.8,11.8
2013-8-19 1:0,2.7,1012,12.4,96.79,1.8,11.9
2013-8-19 1:30,2.5,1012,12,99.36,1.8,11.9
2013-8-19 2:0,2.4,1012,11.7,100,1.8,11.7
2013-8-19 2:30,2.3,1013,11.5,100,1.8,11.5
2013-8-19 3:0,2.2,1013,11.3,100,1.7,11.3
2013-8-19 3:30,2.1,1013,11.1,100,1.7,11.1
2013-8-19 4:0,2,1014,10.9,100,1.7,10.9
2013-8-19 4:30,2.2,1014,11.3,100,1.7,11.3
2013-8-19 5:0,2.5,1014,11.7,97.64,1.7,11.3
2013-8-19 5:30,2.7,1015,12.6,92.13,1.8,11.4
2013-8-19 6:0,3,1015,13.5,88.93,1.8,11.7
2013-8-19 6:30,3.1,1016,14.8,81.85,1.8,11.7
2013-8-19 7:0,3.2,1016,16.2,73.87,1.8,11.5
2013-8-19 7:30,3.3,1016,17.1,69.78,1.9,11.5
2013-8-19 8:0,3.5,1017,18.1,62.23,1.9,10.8
2013-8-19 8:30,3.6,1017,18.6,60.32,1.9,10.8
2013-8-19 9:0,3.7,1017,19.2,55.23,1.9,10
2013-8-19 9:30,3.7,1018,19.7,53.59,1.9,10
2013-8-19 10:0,3.8,1018,20.2,50.39,1.9,9.6
2013-8-19 10:30,3.8,1018,20.6,49.16,1.9,9.6
2013-8-19 11:0,3.8,1018,21,47.68,1.9,9.5
2013-8-19 11:30,3.8,1019,21.4,46.58,1.8,9.5
2013-8-19 12:0,3.7,1019,21.7,45.87,1.8,9.5
2013-8-19 12:30,3.6,1019,21.9,45.32,1.8,9.5
2013-8-19 13:0,3.6,1019,22.2,45.02,1.8,9.7
2013-8-19 13:30,3.5,1019,22.3,44.75,1.8,9.7
2013-8-19 14:0,3.4,1019,22.4,44.79,1.7,9.8
2013-8-19 14:30,3.4,1019,22.3,45.07,1.7,9.8
2013-8-19 15:0,3.4,1019,22.2,45.54,1.7,9.9
2013-8-19 15:30,3.2,1020,21.9,46.42,1.7,9.9
2013-8-19 16:0,3.1,1020,21.5,47.62,1.7,9.9
2013-8-19 16:30,2.6,1020,21,49.1,1.7,9.9
2013-8-19 17:0,2.2,1020,20.4,55.22,1.7,11.1
2013-8-19 17:30,1.7,1021,19.2,59.53,1.7,11.1
2013-8-19 18:0,1.2,1021,18,72.76,1.7,13
2013-8-19 18:30,1.2,1022,16.9,78.05,1.7,13
2013-8-19 19:0,1.2,1022,15.7,78.99,1.8,12.1
2013-8-19 19:30,1.2,1022,15.3,81.03,1.8,12.1
2013-8-19 20:0,1.2,1023,15,81.73,1.8,11.9
2013-8-19 20:30,1.2,1023,14.6,83.86,1.8,11.9
2013-8-19 21:0,1.2,1023,14.2,85.33,1.8,11.8
2013-8-19 21:30,1.2,1024,13.8,87.65,1.8,11.8
2013-8-19 22:0,1.2,1024,13.3,88.55,1.8,11.4
2013-8-19 22:30,1.2,1024,13,90.3,1.8,11.4
2013-8-19 23:0,1.3,1024,12.7,91.02,1.8,11.3
2013-8-19 23:30,1.3,1024,12.3,93.44,1.8,11.3
2013-8-20 0:0,1.4,1025,12,95.16,1.9,11.2
2013-8-20 0:30,1.4,1025,11.6,97.69,1.9,11.2
2013-8-20 1:0,1.4,1025,11.3,99.19,1.9,11.2
2013-8-20 1:30,1.3,1025,11,100,1.9,11
2013-8-20 2:0,1.3,1025,10.7,100,1.9,10.7
2013-8-20 2:30,1.3,1025,10.6,100,1.9,10.6
2013-8-20 3:0,1.2,1025,10.5,100,2,10.5
2013-8-20 3:30,1.2,1025,10.5,100,2,10.5
2013-8-20 4:0,1.1,1025,10.4,100,2,10.4
2013-8-20 4:30,1.1,1025,10.8,100,2,10.8
2013-8-20 5:0,1.1,1025,11.3,97.86,2,11
2013-8-20 5:30,1.4,1026,12.4,91.12,2.1,11
2013-8-20 6:0,1.8,1026,13.5,87.15,2.1,11.4
2013-8-20 6:30,1.5,1026,14.7,80.65,2.1,11.4
2013-8-20 7:0,1.2,1026,16,73.97,2.1,11.4
2013-8-20 7:30,1.1,1026,17.4,67.7,2.1,11.4
2013-8-20 8:0,1,1026,18.9,55.05,2.1,9.7
2013-8-20 8:30,1,1026,19.6,52.71,2.1,9.7
2013-8-20 9:0,1,1026,20.3,50.67,2.1,9.7
2013-8-20 9:30,1,1026,20.8,49.14,2.1,9.7
2013-8-20 10:0,1.1,1026,21.2,48.9,2.2,10
2013-8-20 10:30,1.2,1026,21.6,47.72,2.2,10
2013-8-20 11:0,1.2,1026,22,47.48,2.3,10.3
2013-8-20 11:30,1.3,1026,22.4,46.34,2.3,10.3
2013-8-20 12:0,1.4,1026,22.8,45.94,2.3,10.6
2013-8-20 12:30,1.4,1026,23,45.39,2.3,10.6
2013-8-20 13:0,1.4,1026,23.2,45.44,2.4,10.8
2013-8-20 13:30,1.4,1025,23.3,45.12,2.4,10.7
2013-8-20 14:0,1.4,1025,23.4,45.26,2.4,10.9
2013-8-20 14:30,1.4,1025,23.4,45.26,2.4,10.9
2013-8-20 15:0,1.4,1025,23.3,45.86,2.5,11
2013-8-20 15:30,1.4,1025,23.1,46.41,2.5,11
2013-8-20 16:0,1.4,1024,22.9,47.51,2.5,11.2
2013-8-20 16:30,1.3,1024,22.4,48.97,2.5,11.2
2013-8-20 17:0,1.2,1024,21.9,54.14,2.4,12.2
2013-8-20 17:30,1.1,1024,20.6,58.62,2.4,12.2
2013-8-20 18:0,1,1024,19.3,71.37,2.4,14
2013-8-20 18:30,1.2,1024,18.2,76.43,2.4,14
2013-8-20 19:0,1.3,1024,17.1,77.11,2.5,13.1
2013-8-20 19:30,1.6,1024,16.8,78.58,2.5,13.1
2013-8-20 20:0,1.8,1025,16.4,80.81,2.5,13.1
2013-8-20 20:30,1.9,1025,16.1,82.37,2.5,13.1
2013-8-20 21:0,1.9,1025,15.7,84.9,2.5,13.2
2013-8-20 21:30,1.9,1025,15.3,87.1,2.5,13.2
2013-8-20 22:0,1.8,1025,15,88.05,2.5,13
2013-8-20 22:30,1.6,1024,14.5,90.84,2.5,13
2013-8-20 23:0,1.5,1024,14.1,91.88,2.5,12.8
2013-8-20 23:30,1.4,1024,13.7,94.29,2.5,12.8
2013-8-21 0:0,1.3,1024,13.4,95.4,2.6,12.7
2013-8-21 0:30,1.2,1024,13.1,97.28,2.6,12.7
2013-8-21 1:0,1.2,1023,12.9,98.66,2.6,12.7
2013-8-21 1:30,1.2,1023,12.6,100,2.5,12.6
2013-8-21 2:0,1.1,1023,12.4,100,2.5,12.4
2013-8-21 2:30,1.2,1023,12.3,100,2.5,12.3
2013-8-21 3:0,1.2,1023,12.1,100,2.5,12.1
2013-8-21 3:30,1.2,1023,11.9,100,2.5,11.9
2013-8-21 4:0,1.1,1023,11.8,100,2.5,11.8
2013-8-21 4:30,1.1,1023,12.1,100,2.6,12.1
2013-8-21 5:0,1.1,1023,12.5,100,2.6,12.5
2013-8-21 5:30,1.5,1023,13.5,95.64,2.6,12.8
2013-8-21 6:0,1.9,1024,14.5,91.13,2.7,13.1
2013-8-21 6:30,1.9,1024,15.3,86.57,2.8,13.1
2013-8-21 7:0,1.9,1024,16.2,81.88,2.8,13.1
2013-8-21 7:30,1.9,1023,17,77.76,2.9,13.1
2013-8-21 8:0,2,1023,17.9,71.73,2.9,12.7
2013-8-21 8:30,2,1023,18.7,68.23,2.9,12.7
2013-8-21 9:0,2,1023,19.4,63.76,3,12.4
2013-8-21 9:30,2.2,1023,20,61.44,3,12.4
2013-8-21 10:0,2.4,1022,20.6,58.6,3,12.2
2013-8-21 10:30,2.5,1022,21.2,56.49,3,12.2
2013-8-21 11:0,2.6,1022,21.7,55.07,3.1,12.3
2013-8-21 11:30,2.6,1022,22.2,53.42,3.1,12.3
2013-8-21 12:0,2.6,1022,22.8,51.95,3.1,12.4
2013-8-21 12:30,2.6,1021,23.1,50.97,3.1,12.4
2013-8-21 13:0,2.6,1021,23.4,50.22,3.1,12.5
2013-8-21 13:30,2.6,1021,23.5,49.92,3.1,12.5
2013-8-21 14:0,2.7,1021,23.6,49.7,3.1,12.5
2013-8-21 14:30,2.7,1021,23.5,50,3.2,12.5
2013-8-21 15:0,2.7,1021,23.4,50.34,3.2,12.5
2013-8-21 15:30,2.4,1021,23,51.57,3.2,12.5
2013-8-21 16:0,2.1,1021,22.6,55.91,3.3,13.4
2013-8-21 16:30,1.6,1020,21.9,58.28,3.4,13.3
2013-8-21 17:0,1.1,1020,21.2,70.41,3.4,15.6
2013-8-21 17:30,1,1020,20.4,73.95,3.4,15.6
2013-8-21 18:0,0.8,1020,19.6,79.96,3.4,16
2013-8-21 18:30,0.9,1020,19,82.99,3.4,16
2013-8-21 19:0,1,1020,18.4,80.77,3.4,15
2013-8-21 19:30,1.1,1020,18.1,82.3,3.4,15
2013-8-21 20:0,1.2,1020,17.8,81.2,3.4,14.5
2013-8-21 20:30,1.2,1020,17.6,82.23,3.4,14.5
2013-8-21 21:0,1.2,1020,17.3,82.48,3.4,14.3
2013-8-21 21:30,1.3,1020,17.2,83,3.4,14.3
2013-8-21 22:0,1.3,1020,17,83.74,3.5,14.2
2013-8-21 22:30,1.3,1020,16.8,84.8,3.5,14.2
2013-8-21 23:0,1.4,1020,16.7,86.51,3.5,14.4
2013-8-21 23:30,1.4,1020,16.4,88.17,3.6,14.4
2013-8-22 0:0,1.5,1020,16.2,91.33,3.6,14.8
2013-8-22 0:30,1.3,1020,16,92.5,3.6,14.8
2013-8-22 1:0,1.1,1020,15.9,95.12,3.6,15.1
2013-8-22 1:30,1,1019,15.8,95.64,3.6,15.1
2013-8-22 2:0,0.9,1019,15.7,96.85,3.6,15.2
2013-8-22 2:30,0.8,1019,15.7,96.85,3.6,15.2
2013-8-22 3:0,0.8,1019,15.6,97.3,3.6,15.2
2013-8-22 3:30,0.6,1019,15.6,97.3,3.5,15.2
2013-8-22 4:0,0.4,1019,15.5,96.91,3.5,15
2013-8-22 4:30,0.5,1019,15.6,96.29,3.5,15
2013-8-22 5:0,0.6,1019,15.8,94.77,3.5,15
2013-8-22 5:30,0.9,1019,16,93.57,3.5,15
2013-8-22 6:0,1.1,1019,16.1,95.29,3.5,15.3
2013-8-22 6:30,1.5,1019,16.5,92.9,3.5,15.3
2013-8-22 7:0,1.8,1019,16.8,93.78,3.5,15.8
2013-8-22 7:30,2.2,1018,17.1,91.93,3.5,15.8
2013-8-22 8:0,2.5,1018,17.4,91.85,3.5,16.1
2013-8-22 8:30,2.7,1018,17.9,89.01,3.5,16.1
2013-8-22 9:0,2.8,1018,18.5,87.99,3.5,16.5
2013-8-22 9:30,2.9,1018,19.2,84.24,3.4,16.5
2013-8-22 10:0,2.9,1018,19.9,81.19,3.4,16.6
2013-8-22 10:30,2.8,1018,20.7,77.29,3.4,16.6
2013-8-22 11:0,2.7,1018,21.6,73.06,3.4,16.6
2013-8-22 11:30,2.6,1018,22.3,70.02,3.4,16.6
2013-8-22 12:0,2.4,1018,23,66.82,3.3,16.5
2013-8-22 12:30,2.2,1018,23.2,66.02,3.3,16.5
2013-8-22 13:0,2.1,1017,23.5,64.66,3.3,16.5
2013-8-22 13:30,2,1017,23.6,64.27,3.2,16.5
2013-8-22 14:0,2,1017,23.7,63.84,3.2,16.4
2013-8-22 14:30,2,1017,23.5,64.61,3.2,16.4
2013-8-22 15:0,2.1,1017,23.4,64.54,3.2,16.3
2013-8-22 15:30,2.2,1017,23.1,65.72,3.1,16.3
2013-8-22 16:0,2.3,1017,22.7,67.03,3.1,16.3
2013-8-22 16:30,2.2,1017,22.1,69.51,3.1,16.3
2013-8-22 17:0,2.2,1017,21.5,73.28,3.1,16.5
2013-8-22 17:30,1.8,1017,20.4,78.39,3.1,16.5
2013-8-22 18:0,1.5,1017,19.4,85.18,3,16.8
2013-8-22 18:30,1.4,1017,18.4,90.65,3,16.8
2013-8-22 19:0,1.4,1017,17.4,92.52,3,16.2
2013-8-22 19:30,1.4,1017,17,94.89,3,16.2
2013-8-22 20:0,1.4,1017,16.6,95.33,3.1,15.9
2013-8-22 20:30,1.4,1017,16.4,96.55,3.1,15.8
2013-8-22 21:0,1.4,1017,16.2,96.6,3.1,15.7
2013-8-22 21:30,1.5,1017,16.1,97.22,3.1,15.7
2013-8-22 22:0,1.6,1017,16.1,96.71,3.1,15.6
2013-8-22 22:30,1.7,1017,16.1,96.71,3.1,15.6
2013-8-22 23:0,1.8,1016,16.1,96.57,3.1,15.6
2013-8-22 23:30,2,1016,16.2,95.95,3,15.6
2013-8-23 0:0,2.2,1016,16.2,96.74,3,15.7
2013-8-23 0:30,2.4,1016,16.3,96.13,3,15.7
2013-8-23 1:0,2.7,1016,16.4,97.13,3,15.9
2013-8-23 1:30,2.9,1015,16.5,96.43,2.9,15.9
2013-8-23 2:0,3.1,1015,16.6,97.68,2.9,16.2
2013-8-23 2:30,3.1,1015,16.6,97.68,2.9,16.2
2013-8-23 3:0,3.2,1015,16.7,98.37,2.8,16.4
2013-8-23 3:30,3,1015,16.6,99,2.8,16.4
2013-8-23 4:0,2.9,1015,16.5,99.46,2.7,16.4
2013-8-23 4:30,3,1015,16.6,98.83,2.7,16.4
2013-8-23 5:0,3.1,1015,16.7,97.63,2.7,16.3
2013-8-23 5:30,3.4,1015,17.1,95.2,2.6,16.3
2013-8-23 6:0,3.7,1015,17.6,92.8,2.6,16.4
2013-8-23 6:30,3.9,1014,18.2,89.29,2.5,16.4
2013-8-23 7:0,4,1014,18.8,85.13,2.5,16.2
2013-8-23 7:30,4.1,1014,19.8,80.01,2.4,16.3
2013-8-23 8:0,4.3,1014,20.7,71.77,2.4,15.4
2013-8-23 8:30,4.4,1014,21.7,67.52,2.4,15.4
2013-8-23 9:0,4.4,1014,22.7,59.9,2.4,14.5
2013-8-23 9:30,4.4,1013,23.4,57.37,2.4,14.5
2013-8-23 10:0,4.4,1013,24.2,52.81,2.4,14
2013-8-23 10:30,4.4,1013,24.6,51.56,2.5,14
2013-8-23 11:0,4.4,1013,25.1,49.57,2.5,13.8
2013-8-23 11:30,4.3,1013,25.3,48.99,2.5,13.8
2013-8-23 12:0,4.3,1013,25.4,48.62,2.6,13.8
2013-8-23 12:30,4.2,1013,25.4,48.62,2.6,13.8
2013-8-23 13:0,4.1,1012,25.3,48.9,2.7,13.8
2013-8-23 13:30,3.9,1012,25.1,49.48,2.7,13.8
2013-8-23 14:0,3.7,1012,24.9,50.65,2.8,14
2013-8-23 14:30,3.4,1012,24.6,51.56,2.8,14
2013-8-23 15:0,3.1,1012,24.3,54.37,2.8,14.5
2013-8-23 15:30,2.7,1011,23.7,56.3,2.8,14.5
2013-8-23 16:0,2.3,1011,23.2,63.18,2.8,15.8
2013-8-23 16:30,2,1011,22.3,66.71,2.8,15.8
2013-8-23 17:0,1.8,1011,21.5,76.38,2.8,17.2
2013-8-23 17:30,1.9,1011,20.7,80.21,2.8,17.2
2013-8-23 18:0,2,1010,19.9,84.17,2.8,17.1
2013-8-23 18:30,2.2,1010,19.5,86.28,2.8,17.1
2013-8-23 19:0,2.4,1010,19,89.91,2.8,17.3
2013-8-23 19:30,2.4,1010,18.7,91.61,2.8,17.3
2013-8-23 20:0,2.4,1010,18.5,93.86,2.8,17.5
2013-8-23 20:30,2.3,1010,18.3,95.04,2.8,17.5
2013-8-23 21:0,2.2,1010,18.1,96.36,2.8,17.5
2013-8-23 21:30,2,1010,17.9,97.57,2.9,17.5
2013-8-23 22:0,1.8,1010,17.7,98.72,2.9,17.5
2013-8-23 22:30,1.6,1010,17.6,99.34,3,17.5
2013-8-23 23:0,1.4,1009,17.5,99.32,3.1,17.4
2013-8-23 23:30,1.2,1009,17.3,100,3.1,17.3
2013-8-24 0:0,1,1009,17.2,100,3.2,17.2
2013-8-24 0:30,0.9,1009,17.1,100,3.2,17.1
2013-8-24 1:0,0.7,1008,17,100,3.3,17
2013-8-24 1:30,0.6,1008,17,100,3.4,17
2013-8-24 2:0,0.4,1008,17.1,98.96,3.4,16.9
2013-8-24 2:30,0.3,1008,17,99.59,3.5,16.9
2013-8-24 3:0,0.1,1008,17,99.01,3.5,16.8
2013-8-24 3:30,0.3,1007,16.9,99.54,3.5,16.8
2013-8-24 4:0,0.4,1007,16.8,99.5,3.6,16.7
2013-8-24 4:30,0.5,1007,16.8,99.5,3.6,16.7
2013-8-24 5:0,0.6,1007,16.9,98.69,3.6,16.7
2013-8-24 5:30,0.9,1007,17,98.07,3.6,16.7
2013-8-24 6:0,1.1,1007,17.2,98.17,3.6,16.9
2013-8-24 6:30,1.6,1007,17.4,96.94,3.6,16.9
2013-8-24 7:0,2.1,1007,17.6,96.69,3.6,17.1
2013-8-24 7:30,2.5,1007,17.7,96.09,3.6,17.1
2013-8-24 8:0,2.9,1007,17.8,96.22,3.6,17.2
2013-8-24 8:30,3.1,1007,18,95.02,3.6,17.2
2013-8-24 9:0,3.2,1007,18.1,95.24,3.6,17.3
2013-8-24 9:30,3.5,1007,18.3,94.05,3.6,17.3
2013-8-24 10:0,3.8,1008,18.4,92.76,3.6,17.2
2013-8-24 10:30,4,1008,18.5,92.18,3.5,17.2
2013-8-24 11:0,4.2,1008,18.6,89.65,3.5,16.9
2013-8-24 11:30,4.4,1008,18.7,89.09,3.5,16.9
2013-8-24 12:0,4.5,1008,18.9,86.42,3.5,16.6
2013-8-24 12:30,4.5,1008,19.2,84.82,3.4,16.6
2013-8-24 13:0,4.5,1008,19.5,81.62,3.4,16.3
2013-8-24 13:30,4.5,1008,19.7,80.61,3.4,16.3
2013-8-24 14:0,4.5,1008,19.9,77.38,3.4,15.8
2013-8-24 14:30,4.4,1008,19.8,77.86,3.4,15.8
2013-8-24 15:0,4.3,1008,19.7,76.89,3.4,15.5
2013-8-24 15:30,4.1,1008,19.3,78.82,3.4,15.5
2013-8-24 16:0,3.9,1008,18.9,81.42,3.4,15.6
2013-8-24 16:30,3.8,1008,18.5,83.48,3.4,15.6
2013-8-24 17:0,3.7,1008,18,86.94,3.5,15.8
2013-8-24 17:30,3.8,1009,17.6,89.24,3.5,15.8
2013-8-24 18:0,3.8,1009,17.2,91,3.5,15.7
2013-8-24 18:30,4,1009,16.9,92.74,3.5,15.7
2013-8-24 19:0,4.2,1009,16.6,92.57,3.5,15.4
2013-8-24 19:30,4.4,1009,16.3,94.35,3.4,15.4
2013-8-24 20:0,4.5,1010,15.9,93.36,3.4,14.8
2013-8-24 20:30,4.6,1010,15.6,95.16,3.4,14.8
2013-8-24 21:0,4.7,1010,15.2,92.92,3.4,14.1
2013-8-24 21:30,4.7,1010,14.9,94.73,3.3,14.1
2013-8-24 22:0,4.6,1009,14.5,92.72,3.3,13.3
2013-8-24 22:30,4.6,1009,14.3,93.92,3.3,13.3
2013-8-24 23:0,4.5,1009,14,92.34,3.3,12.8
2013-8-24 23:30,4.3,1009,13.8,93.54,3.3,12.8
2013-8-25 0:0,4.1,1009,13.6,93.07,3.3,12.5
2013-8-25 0:30,4,1009,13.5,93.67,3.3,12.5
2013-8-25 1:0,3.9,1009,13.4,93.68,3.3,12.4
2013-8-25 1:30,3.8,1008,13.3,94.2,3.3,12.4
2013-8-25 2:0,3.6,1008,13.3,94.56,3.3,12.4
2013-8-25 2:30,3.7,1008,13.4,93.94,3.3,12.4
2013-8-25 3:0,3.7,1008,13.5,95.14,3.3,12.7
2013-8-25 3:30,3.6,1008,13.5,95.14,3.3,12.7
2013-8-25 4:0,3.5,1008,13.6,96.33,3.3,13
2013-8-25 4:30,3.5,1008,13.8,95.09,3.3,13
2013-8-25 5:0,3.6,1008,14,96.27,3.3,13.4
2013-8-25 5:30,3.7,1008,14.3,94.42,3.4,13.4
2013-8-25 6:0,3.8,1009,14.6,95.51,3.4,13.9
2013-8-25 6:30,3.9,1009,15.1,92.49,3.4,13.9
2013-8-25 7:0,4,1009,15.5,94.14,3.4,14.6
2013-8-25 7:30,4.1,1009,16.1,90.61,3.4,14.6
2013-8-25 8:0,4.2,1009,16.8,91.51,3.4,15.4
2013-8-25 8:30,4.4,1009,17.7,86.47,3.3,15.4
2013-8-25 9:0,4.6,1010,18.7,84.61,3.2,16.1
2013-8-25 9:30,4.7,1010,19.7,79.51,3,16.1
2013-8-25 10:0,4.9,1010,20.7,73.63,2.8,15.8
2013-8-25 10:30,5,1010,21.2,71.41,2.7,15.8
2013-8-25 11:0,5.1,1010,21.7,66.52,2.5,15.2
2013-8-25 11:30,5.2,1011,22,65.38,2.4,15.2
2013-8-25 12:0,5.2,1011,22.3,62.49,2.3,14.8
2013-8-25 12:30,5.2,1011,22.4,62.12,2.3,14.8
2013-8-25 13:0,5.1,1011,22.6,60.47,2.3,14.6
2013-8-25 13:30,5,1012,22.6,60.53,2.3,14.6
2013-8-25 14:0,4.9,1012,22.6,59.94,2.3,14.4
2013-8-25 14:30,4.8,1012,22.4,60.67,2.4,14.4
2013-8-25 15:0,4.6,1012,22.3,60.75,2.4,14.4
2013-8-25 15:30,4.3,1012,22,61.86,2.5,14.4
2013-8-25 16:0,4.1,1013,21.7,63.26,2.6,14.4
2013-8-25 16:30,3.5,1013,21.1,65.62,2.7,14.4
2013-8-25 17:0,2.9,1013,20.6,70.75,2.8,15.1
2013-8-25 17:30,2.2,1013,19.4,76.18,2.8,15.1
2013-8-25 18:0,1.5,1014,18.3,85.44,2.8,15.8
2013-8-25 18:30,1.5,1014,17.4,90.41,2.8,15.8
2013-8-25 19:0,1.4,1014,16.6,92.87,2.8,15.4
2013-8-25 19:30,1.5,1015,16.3,94.75,2.8,15.5
2013-8-25 20:0,1.5,1015,16,97,2.7,15.5
2013-8-25 20:30,1.5,1015,15.6,99.5,2.6,15.5
2013-8-25 21:0,1.6,1015,15.3,100,2.6,15.3
2013-8-25 21:30,1.7,1015,15,100,2.4,15
2013-8-25 22:0,1.8,1016,14.8,100,2.3,14.8
2013-8-25 22:30,1.9,1016,14.7,100,2.2,14.7
2013-8-25 23:0,2.1,1016,14.6,100,2.1,14.6
2013-8-25 23:30,2.2,1016,14.5,100,2.1,14.5
2013-8-26 0:0,2.3,1016,14.3,100,2,14.3
2013-8-26 0:30,2.4,1016,14.1,100,2,14.1
2013-8-26 1:0,2.5,1016,13.9,100,2,13.9
2013-8-26 1:30,2.6,1016,13.8,100,2,13.8
2013-8-26 2:0,2.7,1016,13.7,100,2.1,13.7
2013-8-26 2:30,2.7,1016,13.7,100,2.1,13.7
2013-8-26 3:0,2.8,1016,13.7,100,2.1,13.7
2013-8-26 3:30,2.7,1016,13.6,100,2.1,13.6
2013-8-26 4:0,2.7,1016,13.5,100,2.2,13.5
2013-8-26 4:30,2.8,1016,13.7,100,2.2,13.7
2013-8-26 5:0,2.9,1016,13.9,99.33,2.2,13.8
2013-8-26 5:30,3.2,1016,14.7,94.34,2.2,13.8
2013-8-26 6:0,3.5,1016,15.4,94.6,2.2,14.5
2013-8-26 6:30,3.5,1016,16.4,88.76,2.1,14.5
2013-8-26 7:0,3.5,1017,17.4,88.19,2.1,15.4
2013-8-26 7:30,3.7,1017,18.5,82.32,2.1,15.4
2013-8-26 8:0,3.8,1017,19.7,74.81,2,15.1
2013-8-26 8:30,3.8,1017,20.6,70.77,2,15.1
2013-8-26 9:0,3.9,1017,21.6,63.41,1.9,14.4
2013-8-26 9:30,3.9,1017,22.3,60.77,1.9,14.4
2013-8-26 10:0,4,1017,23.1,55.24,1.8,13.6
2013-8-26 10:30,4,1017,23.5,53.93,1.8,13.6
2013-8-26 11:0,3.9,1016,23.9,50.39,1.8,13
2013-8-26 11:30,3.8,1016,24.1,49.79,1.8,13
2013-8-26 12:0,3.8,1016,24.3,47.67,1.8,12.5
2013-8-26 12:30,3.7,1016,24.4,47.39,1.8,12.5
2013-8-26 13:0,3.6,1016,24.4,46.55,1.8,12.2
2013-8-26 13:30,3.6,1016,24.3,46.83,1.8,12.2
2013-8-26 14:0,3.6,1016,24.2,46.54,1.8,12
2013-8-26 14:30,3.5,1016,24,47.1,1.8,12
2013-8-26 15:0,3.5,1016,23.8,46.79,1.8,11.7
2013-8-26 15:30,3.3,1016,23.3,48.21,1.7,11.7
2013-8-26 16:0,3.2,1016,22.9,49.7,1.7,11.8
2013-8-26 16:30,2.7,1016,22.1,52.16,1.7,11.8
2013-8-26 17:0,2.2,1016,21.2,61.75,1.7,13.6
2013-8-26 17:30,1.8,1016,19.7,67.71,1.6,13.6
2013-8-26 18:0,1.4,1016,18.2,77.95,1.6,14.3
2013-8-26 18:30,1.4,1016,17.1,83.53,1.6,14.3
2013-8-26 19:0,1.4,1017,16.1,84.71,1.5,13.5
2013-8-26 19:30,1.3,1017,15.6,87.46,1.5,13.5
2013-8-26 20:0,1.3,1017,15.2,89.45,1.5,13.5
2013-8-26 20:30,1.3,1017,14.8,91.77,1.4,13.5
2013-8-26 21:0,1.3,1017,14.3,95.87,1.4,13.6
2013-8-26 21:30,1.3,1017,13.9,98.37,1.4,13.6
2013-8-26 22:0,1.3,1017,13.5,100,1.3,13.5
2013-8-26 22:30,1.3,1017,13.2,100,1.3,13.2
2013-8-26 23:0,1.3,1017,12.8,100,1.3,12.8
2013-8-26 23:30,1.3,1017,12.4,100,1.3,12.4
2013-8-27 0:0,1.2,1017,12.1,100,1.2,12.1
2013-8-27 0:30,1.2,1017,11.8,100,1.2,11.8
2013-8-27 1:0,1.2,1017,11.6,100,1.2,11.6
2013-8-27 1:30,1.3,1017,11.4,100,1.2,11.4
2013-8-27 2:0,1.3,1017,11.1,100,1.2,11.1
2013-8-27 2:30,1.3,1017,10.9,100,1.1,10.9
2013-8-27 3:0,1.3,1017,10.7,100,1.1,10.7
2013-8-27 3:30,1.3,1017,10.5,100,1.1,10.5
2013-8-27 4:0,1.4,1017,10.3,100,1.1,10.3
2013-8-27 4:30,1.4,1017,10.5,100,1.1,10.5
2013-8-27 5:0,1.5,1017,10.8,100,1.1,10.8
2013-8-27 5:30,2.2,1017,12.2,100,1,12.2
2013-8-27 6:0,2.8,1017,13.6,94.14,1,12.7
2013-8-27 6:30,2.8,1017,14.6,88.25,1,12.7
2013-8-27 7:0,2.8,1017,15.6,82.02,1,12.5
2013-8-27 7:30,2.8,1017,16.6,76.96,1,12.5
2013-8-27 8:0,2.8,1016,17.6,65.86,1,11.1
2013-8-27 8:30,2.8,1016,18.5,62.25,1,11.1
2013-8-27 9:0,2.7,1016,19.3,54.71,1,10
2013-8-27 9:30,2.7,1016,19.9,52.71,1,10
2013-8-27 10:0,2.6,1016,20.4,50.18,1.1,9.7
2013-8-27 10:30,2.6,1016,20.9,48.66,1.1,9.7
2013-8-27 11:0,2.6,1016,21.3,47.43,1.1,9.7
2013-8-27 11:30,2.6,1016,21.5,46.85,1.1,9.7
2013-8-27 12:0,2.6,1016,21.8,46.03,1.2,9.7
2013-8-27 12:30,2.6,1016,22,45.48,1.2,9.7
2013-8-27 13:0,2.6,1016,22.1,45.18,1.2,9.7
2013-8-27 13:30,2.6,1016,22.1,45.18,1.2,9.7
2013-8-27 14:0,2.7,1016,22.1,45.19,1.2,9.7
2013-8-27 14:30,2.7,1016,22,45.47,1.3,9.7
2013-8-27 15:0,2.7,1015,21.9,45.94,1.3,9.7
2013-8-27 15:30,2.7,1015,21.6,46.79,1.3,9.7
2013-8-27 16:0,2.6,1016,21.4,48,1.3,9.9
2013-8-27 16:30,2.3,1016,20.7,50.1,1.3,9.9
2013-8-27 17:0,1.9,1016,20,60.74,1.3,12.2
2013-8-27 17:30,1.6,1016,18.5,66.67,1.3,12.2
2013-8-27 18:0,1.4,1016,17,76.87,1.3,12.9
2013-8-27 18:30,1.5,1016,16,81.9,1.3,12.9
2013-8-27 19:0,1.5,1017,15.1,83.35,1.3,12.3
2013-8-27 19:30,1.6,1017,14.8,84.97,1.3,12.3
2013-8-27 20:0,1.7,1017,14.5,87.96,1.3,12.5
2013-8-27 20:30,1.7,1017,14.1,90.26,1.3,12.5
2013-8-27 21:0,1.7,1018,13.8,94.15,1.3,12.9
2013-8-27 21:30,1.7,1018,13.4,96.62,1.3,12.9
2013-8-27 22:0,1.6,1018,13,100,1.3,13
2013-8-27 22:30,1.6,1018,12.7,100,1.3,12.7
2013-8-27 23:0,1.5,1018,12.3,100,1.3,12.3
2013-8-27 23:30,1.4,1018,12,100,1.3,12
2013-8-28 0:0,1.4,1018,11.7,100,1.3,11.7
2013-8-28 0:30,1.4,1019,11.5,100,1.3,11.5
2013-8-28 1:0,1.4,1019,11.2,100,1.2,11.2
2013-8-28 1:30,1.4,1019,11,100,1.2,11
2013-8-28 2:0,1.4,1019,10.8,100,1.2,10.8
2013-8-28 2:30,1.4,1019,10.6,100,1.2,10.6
2013-8-28 3:0,1.5,1019,10.4,100,1.2,10.4
2013-8-28 3:30,1.5,1019,10.1,100,1.2,10.1
2013-8-28 4:0,1.5,1019,9.9,100,1.2,9.9
2013-8-28 4:30,1.5,1020,10.1,100,1.1,10.1
2013-8-28 5:0,1.6,1020,10.3,100,1.1,10.3
2013-8-28 5:30,2.2,1020,11.6,99.5,1.1,11.5
2013-8-28 6:0,2.8,1020,12.9,94.22,1.2,12
2013-8-28 6:30,2.8,1020,13.9,88.3,1.2,12
2013-8-28 7:0,2.7,1021,14.9,86.11,1.2,12.6
2013-8-28 7:30,2.7,1021,16,80.27,1.2,12.6
2013-8-28 8:0,2.6,1021,17.2,70.7,1.2,11.8
2013-8-28 8:30,2.5,1021,18.2,66.4,1.2,11.8
2013-8-28 9:0,2.3,1021,19.3,56.15,1.2,10.3
2013-8-28 9:30,2.1,1021,20,53.77,1.3,10.3
2013-8-28 10:0,2,1021,20.7,49.68,1.3,9.8
2013-8-28 10:30,1.8,1021,21.2,48.18,1.3,9.8
2013-8-28 11:0,1.7,1021,21.6,46.35,1.3,9.6
2013-8-28 11:30,1.5,1021,22,45.23,1.3,9.6
2013-8-28 12:0,1.4,1021,22.3,44.08,1.4,9.5
2013-8-28 12:30,1.3,1021,22.5,43.55,1.4,9.5
2013-8-28 13:0,1.2,1021,22.7,42.81,1.4,9.4
2013-8-28 13:30,1.1,1020,22.7,42.76,1.4,9.4
2013-8-28 14:0,1,1020,22.8,42.21,1.5,9.3
2013-8-28 14:30,1,1020,22.7,42.46,1.5,9.3
2013-8-28 15:0,0.9,1020,22.6,42.56,1.5,9.2
2013-8-28 15:30,0.9,1020,22.3,43.34,1.5,9.2
2013-8-28 16:0,0.8,1020,22.1,44.41,1.6,9.4
2013-8-28 16:30,0.7,1020,21.6,45.79,1.6,9.4
2013-8-28 17:0,0.5,1020,21.2,51.87,1.6,10.9
2013-8-28 17:30,0.6,1020,20.3,54.81,1.6,10.9
2013-8-28 18:0,0.6,1020,19.5,60.6,1.6,11.7
2013-8-28 18:30,0.8,1020,18.5,64.49,1.7,11.7
2013-8-28 19:0,1,1020,17.5,66.57,1.7,11.2
2013-8-28 19:30,1,1020,16.7,70.01,1.7,11.2
2013-8-28 20:0,1.1,1020,15.8,76.62,1.7,11.7
2013-8-28 20:30,1.2,1020,15.4,78.6,1.8,11.7
2013-8-28 21:0,1.3,1020,15,82.02,1.8,12
2013-8-28 21:30,1.4,1020,15,82.02,1.8,12
2013-8-28 22:0,1.5,1020,14.9,84.08,1.8,12.2
2013-8-28 22:30,1.6,1020,14.8,84.62,1.9,12.2
2013-8-28 23:0,1.6,1020,14.7,86.71,1.9,12.5
2013-8-28 23:30,1.6,1020,14.5,87.84,1.9,12.5
2013-8-29 0:0,1.6,1020,14.3,89.94,2,12.7
2013-8-29 0:30,1.5,1020,13.9,92.29,2,12.7
2013-8-29 1:0,1.4,1020,13.6,95.98,2,13
2013-8-29 1:30,1.3,1020,13.3,97.86,2,13
2013-8-29 2:0,1.2,1020,13,100,2.1,13
2013-8-29 2:30,1.2,1020,13,100,2.1,13
2013-8-29 3:0,1.1,1020,13,100,2.1,13
2013-8-29 3:30,1,1020,12.9,100,2.1,12.9
2013-8-29 4:0,1,1020,12.9,100,2.1,12.9
2013-8-29 4:30,1,1020,13,100,2.1,13
2013-8-29 5:0,0.9,1020,13.1,100,2.1,13.1
2013-8-29 5:30,1.4,1020,14,97.01,2.1,13.5
2013-8-29 6:0,1.8,1020,14.8,93.49,2,13.8
2013-8-29 6:30,1.9,1020,15.6,88.82,2,13.8
2013-8-29 7:0,2.1,1021,16.5,85.23,1.9,14
2013-8-29 7:30,2.2,1021,17.4,80.52,1.9,14
2013-8-29 8:0,2.4,1021,18.3,75.71,1.8,13.9
2013-8-29 8:30,2.6,1021,18.9,72.93,1.8,13.9
2013-8-29 9:0,2.8,1020,19.6,67.73,1.8,13.5
2013-8-29 9:30,3,1020,20,66.08,1.8,13.5
2013-8-29 10:0,3.3,1020,20.5,61.68,1.8,12.9
2013-8-29 10:30,3.4,1020,20.9,60.18,1.8,12.9
2013-8-29 11:0,3.6,1020,21.3,57.2,1.8,12.5
2013-8-29 11:30,3.6,1020,21.7,55.82,1.8,12.5
2013-8-29 12:0,3.6,1020,22.1,53.71,1.9,12.3
2013-8-29 12:30,3.6,1019,22.5,52.38,1.9,12.3
2013-8-29 13:0,3.5,1019,22.8,51.07,1.9,12.2
2013-8-29 13:30,3.4,1019,23,50.46,2,12.2
2013-8-29 14:0,3.3,1019,23.1,50.02,2,12.1
2013-8-29 14:30,3.2,1019,23.1,50.02,2.1,12.1
2013-8-29 15:0,3,1018,23,50.64,2.1,12.2
2013-8-29 15:30,2.8,1018,22.8,51.25,2.2,12.2
2013-8-29 16:0,2.6,1018,22.5,53.71,2.3,12.6
2013-8-29 16:30,2.1,1018,21.8,56.04,2.4,12.6
2013-8-29 17:0,1.5,1018,21.2,66.89,2.5,14.8
2013-8-29 17:30,1.3,1018,20,72.01,2.6,14.8
2013-8-29 18:0,1.1,1018,18.9,79.6,2.7,15.3
2013-8-29 18:30,1.3,1018,18.4,82.12,2.7,15.3
2013-8-29 19:0,1.4,1019,18,81.92,2.8,14.9
2013-8-29 19:30,1.5,1019,17.8,82.95,2.8,14.9
2013-8-29 20:0,1.6,1019,17.5,84.24,2.8,14.8
2013-8-29 20:30,1.7,1019,17.3,85.31,2.8,14.8
2013-8-29 21:0,1.8,1019,17,86.78,2.8,14.8
2013-8-29 21:30,1.8,1019,16.7,88.44,2.8,14.8
2013-8-29 22:0,1.9,1019,16.4,89.68,2.8,14.7
2013-8-29 22:30,1.9,1019,16.1,91.4,2.8,14.7
2013-8-29 23:0,1.9,1019,15.8,92.67,2.8,14.6
2013-8-29 23:30,1.9,1019,15.5,94.46,2.8,14.6
2013-8-30 0:0,1.9,1019,15.1,96.31,2.9,14.5
2013-8-30 0:30,1.7,1019,14.8,98.18,2.9,14.5
2013-8-30 1:0,1.6,1019,14.4,99.89,2.9,14.4
2013-8-30 1:30,1.5,1018,14.1,100,2.9,14.1
2013-8-30 2:0,1.5,1018,13.8,100,2.9,13.8
2013-8-30 2:30,1.5,1018,13.6,100,2.9,13.6
2013-8-30 3:0,1.4,1018,13.4,100,2.9,13.4
2013-8-30 3:30,1.5,1018,13.3,100,3,13.3
2013-8-30 4:0,1.5,1018,13.2,100,3,13.2
2013-8-30 4:30,1.7,1018,13.4,100,3,13.4
2013-8-30 5:0,1.9,1018,13.6,100,3,13.6
2013-8-30 5:30,2.4,1018,14.5,96.03,3,13.9
2013-8-30 6:0,3,1018,15.4,92.86,3,14.2
2013-8-30 6:30,3.2,1018,16.4,87.13,3,14.3
2013-8-30 7:0,3.4,1018,17.4,84.74,3,14.8
2013-8-30 7:30,3.6,1018,18.3,80.09,3,14.8
2013-8-30 8:0,3.8,1018,19.3,75.7,3,14.9
2013-8-30 8:30,4,1018,19.9,72.94,2.9,14.9
2013-8-30 9:0,4.2,1018,20.6,69.99,2.9,14.9
2013-8-30 9:30,4.3,1018,21.1,67.88,2.8,14.9
2013-8-30 10:0,4.4,1018,21.7,65.17,2.7,14.9
2013-8-30 10:30,4.4,1017,22.1,63.54,2.6,14.9
2013-8-30 11:0,4.5,1017,22.6,61.31,2.6,14.8
2013-8-30 11:30,4.5,1017,23,59.84,2.5,14.8
2013-8-30 12:0,4.5,1017,23.4,58.39,2.5,14.8
2013-8-30 12:30,4.5,1017,23.6,57.7,2.5,14.8
2013-8-30 13:0,4.6,1016,23.9,56.69,2.5,14.8
2013-8-30 13:30,4.6,1016,24,56.35,2.6,14.8
2013-8-30 14:0,4.6,1016,24.1,56.24,2.7,14.8
2013-8-30 14:30,4.6,1016,24.1,56.24,2.8,14.8
2013-8-30 15:0,4.6,1016,24.1,56.63,3,15
2013-8-30 15:30,4.5,1016,23.7,58.01,3.1,15
2013-8-30 16:0,4.4,1016,23.4,60.23,3.3,15.3
2013-8-30 16:30,3.9,1016,22.7,62.83,3.3,15.3
2013-8-30 17:0,3.5,1016,22,68.36,3.4,15.9
2013-8-30 17:30,3.3,1016,21.1,72.22,3.4,15.9
2013-8-30 18:0,3,1016,20.2,77.61,3.3,16.2
2013-8-30 18:30,3,1016,19.5,81.04,3.2,16.2
2013-8-30 19:0,3.1,1017,18.8,84.06,3.1,16
2013-8-30 19:30,3.2,1017,18.5,85.65,3,16
2013-8-30 20:0,3.3,1017,18.2,86.63,3,15.9
2013-8-30 20:30,3.2,1017,17.8,88.82,3,15.9
2013-8-30 21:0,3,1017,17.4,90.91,3,15.9
2013-8-30 21:30,2.9,1017,17.1,92.65,3,15.9
2013-8-30 22:0,2.8,1017,16.7,94.78,3,15.9
2013-8-30 22:30,2.8,1018,16.6,95.48,2.9,15.9
2013-8-30 23:0,2.8,1018,16.5,96.38,2.9,15.9
2013-8-30 23:30,2.9,1018,16.5,96.38,2.9,15.9
2013-8-31 0:0,2.9,1018,16.6,96.06,2.8,16
2013-8-31 0:30,2.9,1018,16.4,97.29,2.7,16
2013-8-31 1:0,2.9,1019,16.3,97.19,2.6,15.9
2013-8-31 1:30,3,1019,16,99.06,2.4,15.9
2013-8-31 2:0,3.1,1019,15.6,98.15,2.3,15.3
2013-8-31 2:30,3.3,1020,15.2,100,2.1,15.2
2013-8-31 3:0,3.4,1020,14.7,96.53,1.9,14.2
2013-8-31 3:30,3.6,1020,14.2,99.69,1.8,14.2
2013-8-31 4:0,3.9,1021,13.6,93.24,1.6,12.5
2013-8-31 4:30,3.9,1021,13.1,96.32,1.5,12.5
2013-8-31 5:0,3.9,1021,12.5,92.43,1.4,11.3
2013-8-31 5:30,4.1,1022,12.7,91.32,1.2,11.3
2013-8-31 6:0,4.4,1022,12.8,83.72,1.1,10.1
2013-8-31 6:30,4.6,1023,13.3,81.12,1,10.1
2013-8-31 7:0,4.9,1023,13.8,67.01,0.9,7.8
2013-8-31 7:30,4.8,1023,14.4,64.46,0.8,7.8
2013-8-31 8:0,4.8,1023,15,55.7,0.8,6.2
2013-8-31 8:30,4.7,1023,15.6,53.6,0.8,6.2
2013-8-31 9:0,4.6,1023,16.3,49.12,0.8,5.6
2013-8-31 9:30,4.4,1024,16.9,47.34,0.8,5.6
2013-8-31 10:0,4.3,1024,17.5,45.55,0.8,5.6
2013-8-31 10:30,4.2,1024,18,44.14,0.9,5.6
2013-8-31 11:0,4.1,1024,18.5,43.57,0.9,5.9
2013-8-31 11:30,4,1024,18.9,42.5,1,5.9
2013-8-31 12:0,4,1024,19.2,42.67,1,6.2
2013-8-31 12:30,3.9,1024,19.5,41.89,1.1,6.2
2013-8-31 13:0,3.9,1024,19.7,42.2,1.2,6.5
2013-8-31 13:30,3.8,1024,19.7,42.2,1.2,6.5
2013-8-31 14:0,3.8,1024,19.8,42.53,1.3,6.7
2013-8-31 14:30,3.7,1024,19.7,42.79,1.3,6.7
2013-8-31 15:0,3.7,1024,19.5,43.69,1.4,6.8
2013-8-31 15:30,3.6,1024,19.2,44.51,1.4,6.8
2013-8-31 16:0,3.6,1024,18.9,45.6,1.4,6.9
2013-8-31 16:30,3.2,1024,18.2,47.64,1.5,6.9
2013-8-31 17:0,2.7,1024,17.5,53.89,1.5,8.1
2013-8-31 17:30,2.3,1025,16.3,58.19,1.5,8.1
2013-8-31 18:0,1.9,1025,15,68.07,1.5,9.2
2013-8-31 18:30,2.2,1025,14.7,69.4,1.6,9.2
2013-8-31 19:0,2.5,1026,14.4,69.53,1.6,8.9
2013-8-31 19:30,2.7,1026,14.2,70.44,1.6,8.9
2013-8-31 20:0,3,1026,13.9,71.13,1.7,8.8
2013-8-31 20:30,3,1027,13.4,73.54,1.7,8.8
2013-8-31 21:0,3,1027,12.8,75.87,1.7,8.6
2013-8-31 21:30,2.7,1027,12.2,78.91,1.6,8.6
2013-8-31 22:0,2.4,1027,11.5,81.93,1.6,8.5
2013-8-31 22:30,2.3,1027,11.3,83.02,1.5,8.5
2013-8-31 23:0,2.2,1027,11,84.37,1.5,8.5
2013-8-31 23:30,2,1027,10.6,86.64,1.5,8.5
2013-9-1 0:0,1.9,1028,10.2,88.45,1.5,8.4
